Workbook

Sheet Data 
A1: DATA BALI WASTE CYCLE
A2: ='Setoran 1'!A2:R2 -> TANGGAL : 8 Agustus2026
A4: No | B4: Jenis | C4: HARGA BELI | D4: HARGA JUAL | E4: KETERANGAN
A7: PLASTIK
A8: 1 | B8: Rongsok Campur | C8: 400 | D8: 500 | E8: Campuran plastik kemasan berbentuk dan kaleng (bukan kresek/plastik lembaran)
A9: 2 | B9: PET Kotor | C9: 400 | D9: 500 | E9: Botol dan gelas minum yang masih berlabel tutup (tanpa air/isi)
A10: 3 | B10: PET KW 2 | C10: 300 | D10: 400 | E10: Botol minyak, botol saos sejenis kotor bekas penggunaan
A11: 4 | B11: PET Bersih Bening | C11: 2800 | D11: 3000 | E11: Botol air mineral bening tanpa label & tutup (Ades, Club, Vit Sejenis)
A12: 5 | B12: PET Bersih Biru Muda | C12: 2400 | D12: 2500 | E12: Botol air mineral Biru Muda tanpa label (Aqua, Le Minerale)
A13: 6 | B13: PET Bersih Warna | C13: 700 | D13: 800 | E13: Botol warna tanpa label & tutup (Mizone, Sprite), Tidak termasuk PET putih (Milku)
A14: 7 | B14: PET Bersih Campur | C14: 1600 | D14: 1700 | E14: Botol campur bening dan biru muda tanpa label dan tutup
A15: 8 | B15: Putihan (HDPE & jenis lainnya) | C15: 1800 | D15: 2000 | E15: Botol kosmetik (botol shampo, sabun cair, bedak, botol oli, dll) TANPA ISI
A16: 9 | B16: Jerigen Bening bersih/Jerigen minyak | C16: 2400 | D16: 2500 | E16: Jerigen warna bening seperti jerigen minyak, alkohol, sabun, pewangi, kecap,dll TANPA ISI
A17: 10 | B17: Jerigen warna/bening tapi mangkak | C17: 1900 | D17: 2000 | E17: Jerigen oli, dll yang berwarna TANPA ISI
A18: 11 | B18: Tutup PET (HDPE) | C18: 1800 | D18: 2000 | E18: Tutup botol Aqua, Vit, Pocari, Sprite, dll
A19: 12 | B19: Tutup Galon (LDPE) | C19: 1700 | D19: 1800 | E19: Tutup galon air mineral/isi ulang
A20: 13 | B20: Tutup campur | E20: Tutup HD, LD, PP Campur
A21: 14 | B21: PP Emberan Campur | C21: 900 | D21: 1000 | E21: Jika tercampur hitam ikut harga emberan hitam
A22: 15 | B22: PP Emberan warna | C22: 900 | D22: 1000 | E22: Semua warna kecuali hitam, perabotan RT, piring plastik, meja plastik, kursi plastik, baskom, sikat gigi, sisir (lebih keras dan tipis)
A23: 16 | B23: PP Emberan Hitam | C23: 900 | D23: 1000 | E23: Semua emberan warna hitam (pot bunga, hanger hitam, timba hitam, body hitam, dll)
A24: 17 | B24: PC Galon UTUH (/biji) | C24: 1300 | D24: 1500 | E24: Galon air minuman semua merk kondisi utuh kecuali galon cleo
A25: 18 | B25: PC Galon PECAH (/Kg) | C25: 800 | D25: 1000 | E25: Galon air minuman semua merk kondisi pecah
A26: 19 | B26: Aqua Gelas Kotor | C26: 1100 | D26: 1200 | E26: PP Gelas masih berlabel dan belum di lepas ringnya (Aqua, club) TANPA AIR
A27: 20 | B27: Aqua Gelas Bersih | C27: 1900 | D27: 2000 | E27: PP Gelas BERSIH TANPA Label dan tutup
A28: 21 | B28: Mountea/Sablon | C28: 900 | D28: 1000 | E28: Gelas putih dan bening sablon masih berlabel dan tutup (Mountea, Ale-Ale, Teh Gelas, Teh Rio, Chatime, dll) TANPA AIR
A29: 22 | B29: Plastik Bening PE & PP | C29: 400 | D29: 500 | E29: Plastik kantong bening tanpa label
A30: 23 | B30: HD Kresek | C30: 50 | D30: 100 | E30: Kantong plastik kresek semua warna, polos (non sablon)
A31: 24 | B31: Kresek Campur | C31: 50 | D31: 100 | E31: Plastik yang masih tercampur TANPA MULTILAYER
A32: 25 | B32: LLDPE Pouch/Single Layer | C32: 40 | D32: 50 | E32: Kemasan minyak goreng, sabun cuci cair, sabun cuci piring, kemasan kispray, shampoo refill, dll
... A36: 29 | B36: PVC | C36: 50 | D36: 100 | E36: Pipa, paralon semua warna, pintu plastik, talang air, dll)
A37: KERTAS
A38: 1 | B38: Buku Tulis/Buku Pelajaran | C38: 1100 | D38: 1200 | E38: Semua buku tulis dan pelajaran putih/cetak
A39: 2 | B39: HVS | C39: 1100 | D39: 1200 | E39: Kertas HVS dengan atau tanpa tulisan atau buku cetakan kertas putih
A40: 3 | B40: Kertas Buram/LKS/warna | C40: 450 | D40: 500 | E40: Isi dalam LKS, kertas nota, kertas coklat
A41: 4 | B41: Majalah | C41: 400 | D41: 500 | E41: Kertas art paper mengkilap (majalah, brosur, poster)
A42: 5 | B42: Koran | C42: 1800 | D42: 2000 | E42: Rapi dan bersih
A43: 6 | B43: Duplek | C43: 75 | D43: 100 | E43: Semua kertas tebal berwarna (map, cover buku/majalah, bungkus rokok, kotak makanan, snack, kotak obat, kotak odol, bungkus sabun, kotak susu, dll)
A44: 7 | B44: Kardus | C44: 700 | D44: 800 | E44: Kardus kering berongga
A45: 8 | B45: Kertas Campur | C45: 75 | D45: 100 | E45: Campur buku, HVS, Majalah, tabloid, koran
A46: LOGAM
A47: 1 | B47: Besi Kaleng (Omplong) | C47: 1000 | D47: 1500 | E47: Kaleng susu, Khong Guan, Monde, Bear Brand, kaleng Baygon, cat, dll
A48: 2 | B48: Besi B (Tipis) | C48: 1100 | D48: 1200 | E48: Kabin, plat tipis kendaraan, kompor bekas, Argo, dll
A49: 3 | B49: Besi A (Tebal & Padat) | C49: 2300 | D49: 2500 | E49: Besi batangan dan padat, ranjang, pipa, plat, beton, baut, linggis dll
A50: 4 | B50: Seng/paku | C50: 200 | D50: 300 | E50: Segala jenis seng, kawat, payung, paku
A51: 5 | B51: Aluminium Kaleng/tipis | C51: 4500 | D51: 5000 | E51: Kaleng minuman, mudah diremas (Coca-cola, Sprite, Larutan, Bintang, Pocari, Adem Sari)
A52: 6 | B52: Aluminium Tebal | C52: 6500 | D52: 7000 | E52: Siku, body panci tebal, dll (padat dan berat)
A53: 7 | B53: Tembaga | C53: 28000 | D53: 30000
A54: 8 | B54: Logam Campur | E54: Logam Campur
A55: KACA
A56: 1 | B56: Botol Bir Bintang Besar (/biji) | C56: 700 | D56: 800 | E56: Botol bir dengan label masih bagus
A57: 2 | B57: Botol Bir Bintang Kecil (/biji) | C57: 150 | D57: 200 | E57: Botol bir dengan label masih bagus
A58: 3 | B58: Botol Kaca Campur | C58: 50 | D58: 100 | E58: Bening dan berwarna, botol minuman YouC1000, botol sirup, selai, minyak wangi, Kratingdaeng, botol kecap, saos, beling/pecahan botol, kecuali cermin
A59: OTHER
A60: 1 | B60: Styrofoam Bersih | C60: 150 | D60: 200 | E60: Lembaran, keras, balok, styrofoam tempat makan yang sudah terlepas dari stiker, kertas nasi dan isolasi
A61: 2 | B61: Net & PE Foam | E61: Jaring buah/net foam, PE foam/lembaran foam wadah buah, bubble wrap
A62: 3 | B62: Tetra Pack | C62: 150 | D62: 200 | E62: Kemasan minuman dalam kertas, Teh Kotak, kotak susu, dll
A63: 4 | B63: Accu per kg | E63: Sudah tidak ada airnya
A65: 6 | B65: Sponge/Sepatu/Sandal Bekas | E65: Jenis kulit BUKAN karet BUKAN spons
A66: 7 | B66: Tray Telur | C66: 150 | D66: 200 | E66: Yang masih bagus
A67: 8 | B67: Yakult | C67: 450 | D67: 500
A69: 10 | B69: Kulit kabel | C69: 200 | D69: 300 | E69: Tanpa isi
A70: 11 | B70: Boncos/Karung Beras | C70: 400 | D70: 500 | E70: Karung bekas beras / kampil rusak
A74: TOTAL
A75: NB : Harga dapat berubah sewaktu-waktu

Sheet Setoran 1
A1: REKAP JUAL BELI SAMPAH NASABAH BALI ARUM (BALI WASTE CYCLE)
A2: TANGGAL : 8 Agustus2026
A4: NO | B4: JENIS | C4: BERAT SETORAN | R4: TOTAL
C5: NOMOR INDUK NASABAH
C6: 010 Bernadeth | D6: 042 Bu Intan | E6: 058 Sawitri | F6: 016 K. Nining | G6: 045 Inggrid | H6: 001 Nining | I6: 005 Inka | J6: 059 Edvin | K6: 036 Listina | L6: 041 Yanti
A7: PLASTIK
A8: 1 | B8: Rongsok Campur | C8: 1 | D8: =0.2+0.6 -> 0.8 | G8: 0.44 | I8: 0.81 | J8: 0.45 | L8: 0.58 | R8: =SUM(C8:Q8) -> 4.08
A9: 2 | B9: PET Kotor | R9: =SUM(C9:Q9) -> 0
A10: 3 | B10: PET KW 2 | R10: =SUM(C10:Q10) -> 0
A11: 4 | B11: PET Bersih Bening | R11: =SUM(C11:Q11) -> 0
A12: 5 | B12: PET Bersih Biru Muda | K12: =1.57+1.8+0.69+4.06+3.1+1.83+0.59 -> 13.64 | R12: =SUM(C12:Q12) -> 13.64
A13: 6 | B13: PET Bersih Warna | R13: =SUM(C13:Q13) -> 0
A14: 7 | B14: PET Bersih Campur | F14: 0.5 | G14: 1.23 | I14: 0.7 | K14: =1.81+0.33 -> 2.14 | L14: 2.4 | R14: =SUM(C14:Q14) -> 6.97
A15: PLASTIK RIGID / BERBENTUK
A16: 1 | B16: Putihan (HDPE & jenis lainnya) | D16: 1.6 | F16: =0.2+0.9 -> 1.1 | G16: 2.25 | I16: =1+0.5 -> 1.5 | J16: 0.07 | K16: =1.48+0.66 -> 2.14 | L16: 0.22 | R16: =SUM(C16:Q16) -> 8.88
A17: 2 | B17: Jerigen Bening bersih/ Jirigen minyak | L17: 0.24 | R17: =SUM(C17:Q17) -> 0.24
A18: 3 | B18: Jerigen warna / bening tapi mangkak | R18: =SUM(C18:Q18) -> 0
A19: 4 | B19: Tutup PET (HDPE) | D19: 0.3 | F19: 0.05 | G19: 0.19 | I19: 0.14 | R19: =SUM(C19:Q19) -> 0.68
A20: 5 | B20: Tutup Galon (LDPE) | F20: 0.09 | I20: 0.1 | K20: =1.36 -> 1.36 | L20: 0.27 | R20: =SUM(C20:Q20) -> 1.82
A21: 6 | B21: Tutup campur | R21: =SUM(C21:Q21) -> 0
A22: 7 | B22: PP Emberan Campur | H22: =3.5+0.34 -> 3.84 | R22: =SUM(C22:Q22) -> 3.84
A23: 8 | B23: PP Emberan warna | F23: 0.17 | I23: 0.7 | R23: =SUM(C23:Q23) -> 0.87
A24: 9 | B24: PP Emberan Hitam | R24: =SUM(C24:Q24) -> 0
A25: 10 | B25: PC Galon UTUH / BIJI | R25: =SUM(C25:Q25) -> 0
A26: 11 | B26: PC Galon PECAH / KG | R26: =SUM(C26:Q26) -> 0
A27: GELASAN
A28: 1 | B28: Aqua Gelas Kotor | R28: =SUM(C28:Q28) -> 0
A29: 2 | B29: Aqua Gelas Bersih | R29: =SUM(C29:Q29) -> 0
A30: 3 | B30: Mountea/Sablon | R30: =SUM(C30:Q30) -> 0
A31: PLASTIK FLEKSIBEL / LEMBARAN
A32: 1 | B32: Plastik Bening PE & PP | H32: =0.84+0.23 -> 1.07 | K32: 3.5 | R32: =SUM(C32:Q32) -> 4.57
A33: 2 | B33: HD Kresek | D33: =0.7+0.5 -> 1.2 | G33: 4.4 | H33: 0.62 | R33: =SUM(C33:Q33) -> 6.22
A34: 3 | B34: Kresek Campur | C34: 4.2 | F34: 0.53 | H34: 0.88 | I34: =3+1.93+2.29 -> 7.22 | K34: =2.73+0.2 -> 2.93 | L34: =0.22+0.35 -> 0.57 | R34: =SUM(C34:Q34) -> 16.33
A35: 4 | B35: LLDPE Pouch | R35: =SUM(C35:Q35) -> 0
A36: 5 | B36: PP Sablon lembaran | R36: =SUM(C36:Q36) -> 0
A37: 6 | B37: Multi Layer | F37: 0.25 | H37: 0.77 | I37: 0.58 | K37: 0.75 | R37: =SUM(C37:Q37) -> 2.35
A38: KERASAN
A39: 1 | B39: Kerasan / PS/ ABS | C39: 7.6 | G39: =0.8+0.3 -> 1.1 | H39: =0.48+0.89 -> 1.37 | K39: =0.9+0.36+1+0.6+1.46 -> 4.32 | L39: 0.22 | R39: =SUM(C39:Q39) -> 14.61
A40: 2 | B40: PVC | R40: =SUM(C40:Q40) -> 0
A41: KERTAS
A42: 1 | B42: Buku Tulis/Buku Pelajaran | C42: 4.6 | E42: =16+9.6 -> 25.6 | F42: 0.7 | I42: =10.4+13.2 -> 23.6 | R42: =SUM(C42:Q42) -> 54.5
A43: 2 | B43: HVS | R43: =SUM(C43:Q43) -> 0
A44: 3 | B44: Kertas Buram/LKS/warna | R44: =SUM(C44:Q44) -> 0
A45: 4 | B45: Majalah | R45: =SUM(C45:Q45) -> 0
A46: 5 | B46: Koran | R46: =SUM(C46:Q46) -> 0
A47: 6 | B47: Duplek | C47: 2.23 | D47: =0.8+0.39+0.5 -> 1.69 | F47: 0.75 | G47: 4.4 | H47: 1.74 | I47: =1.68+0.8 -> 2.48 | J47: 0.11 | K47: =2.14+3.3 -> 5.44 | L47: 0.28 | R47: =SUM(C47:Q47) -> 19.12
A48: 7 | B48: Kardus | C48: =1.7+2.7+1.96 -> 6.36 | D48: =0.32+0.69+0.2+0.9+0.58 -> 2.69 | G48: 5.85 | H48: 1.4 | I48: =2.43+10.5+3.92 -> 16.85 | J48: 1.3 | K48: =1.67+0.5+1.85+2.06+0.62+0.37 -> 7.07 | L48: 1.82 | R48: =SUM(C48:Q48) -> 43.34
A49: 8 | B49: Kertas Campur | F49: 0.5 | G49: 1.8 | H49: 0.72 | I49: 3.32 | J49: 0.11 | K49: 4 | L49: 0.23 | R49: =SUM(C49:Q49) -> 10.68
A50: LOGAM
A51: 1 | B51: Besi Kaleng (Omplong) | C51: 1.1 | D51: =0.1+0.07 -> 0.17 | F51: 1.6 | H51: 0.28 | I51: 0.27 | K51: =0.43+0.68 -> 1.11 | L51: 0.58 | R51: =SUM(C51:Q51) -> 5.11
A52: 2 | B52: Besi B (Tipis) | F52: 0.99 | H52: 2.8 | K52: 1.1 | R52: =SUM(C52:Q52) -> 4.89
A53: 3 | B53: Besi A (Tebal & Padat) | H53: 1.44 | I53: 5.68 | R53: =SUM(C53:Q53) -> 7.12
A54: 4 | B54: Seng / paku | R54: =SUM(C54:Q54) -> 0
A55: 5 | B55: Aluminium Kaleng/tipis | H55: 0.49 | I55: 2.9 | R55: =SUM(C55:Q55) -> 3.39
A56: 6 | B56: Aluminium Tebal | R56: =SUM(C56:Q56) -> 0
A57: 7 | B57: Tembaga | R57: =SUM(C57:Q57) -> 0
A58: 8 | B58: Logam campur | R58: =SUM(C58:Q58) -> 0
A59: KACA
A60: 1 | B60: Botol Bir Bintang Besar/biji | K60: 1 | R60: =SUM(C60:Q60) -> 1
A61: 2 | B61: Botol Bir Bintang Kecil/biji | I61: 3 | K61: 8 | R61: =SUM(C61:Q61) -> 11
A62: 3 | B62: Botol Kaca Campur | C62: 2.9 | D62: 0.4 | G62: 2.48 | I62: 1 | J62: 0.53 | K62: =2.19+4.5+3.7 -> 10.39 | R62: =SUM(C62:Q62) -> 17.7
A63: OTHER
A64: 1 | B64: Styrofoam Bersih | I64: 0.34 | R64: =SUM(C64:Q64) -> 0.34
A65: 2 | B65: Net & PE Foam | R65: =SUM(C65:Q65) -> 0
A66: 3 | B66: Tetra Pack | D66: 0.3 | G66: 0.16 | H66: 0.48 | I66: 2.5 | J66: 0.1 | K66: 1.07 | R66: =SUM(C66:Q66) -> 4.61
A67: 4 | B67: Accu per kg | R67: =SUM(C67:Q67) -> 0
A68: 5 | B68: Minyak Jelantah | R68: =SUM(C68:Q68) -> 0
A69: 6 | B69: Sponge/Sepatu/Sandal Bekas | R69: =SUM(C69:Q69) -> 0
A70: 7 | B70: Tray Telur | R70: =SUM(C70:Q70) -> 0
A71: 8 | B71: Yakult | G71: 0.14 | R71: =SUM(C71:Q71) -> 0.14
A72: 9 | B72: Kelapa Daksina | R72: =SUM(C72:Q72) -> 0
A73: 10 | B73: Kulit kabel | F73: 2.2 | H73: 1.31 | I73: 0.4 | R73: =SUM(C73:Q73) -> 3.91
A74: 11 | B74: Boncos | R74: =SUM(C74:Q74) -> 0
A75: 12 | B75: Krat | R75: =SUM(C75:Q75) -> 0
A77: TOTAL | R77: =SUM(R7:R76) -> 271.95
A78: NB : Harga dapat berubah sewaktu-waktu

Sheet Setoran 2
A1: ='Setoran 1'!A1:R1 -> REKAP JUAL BELI SAMPAH NASABAH BALI ARUM (BALI WASTE CYCLE)
A2: ='Data '!A2:D2 -> TANGGAL : 8 Agustus2026
A4: NO | B4: JENIS | C4: BERAT SETORAN | R4: TOTAL
C5: NOMOR INDUK NASABAH
A7: PLASTIK
A8: 1 | B8: Rongsok Campur | R8: =SUM(C8:Q8) -> 0
A9: 2 | B9: PET Kotor | R9: =SUM(C9:Q9) -> 0
A10: 3 | B10: PET KW 2 | R10: =SUM(C10:Q10) -> 0
A11: 4 | B11: PET Bersih Bening | R11: =SUM(C11:Q11) -> 0
A12: 5 | B12: PET Bersih Biru Muda | R12: =SUM(C12:Q12) -> 0
A13: 6 | B13: PET Bersih Warna | R13: =SUM(C13:Q13) -> 0
A14: 7 | B14: PET Bersih Campur | R14: =SUM(C14:Q14) -> 0
A15: PLASTIK RIGID / BERBENTUK
A16: 1 | B16: Putihan (HDPE & jenis lainnya) | R16: =SUM(C16:Q16) -> 0
A17: 2 | B17: Jerigen Bening bersih/ Jirigen minyak | R17: =SUM(C17:Q17) -> 0
A18: 3 | B18: Jerigen warna / bening tapi mangkak | R18: =SUM(C18:Q18) -> 0
A19: 4 | B19: Tutup PET (HDPE) | R19: =SUM(C19:Q19) -> 0
A20: 5 | B20: Tutup Galon (LDPE) | R20: =SUM(C20:Q20) -> 0
A21: 6 | B21: Tutup campur | R21: =SUM(C21:Q21) -> 0
A22: 7 | B22: PP Emberan Campur | R22: =SUM(C22:Q22) -> 0
A23: 8 | B23: PP Emberan warna | R23: =SUM(C23:Q23) -> 0
A24: 9 | B24: PP Emberan Hitam | R24: =SUM(C24:Q24) -> 0
A25: 10 | B25: PC Galon UTUH / BIJI | R25: =SUM(C25:Q25) -> 0
A26: 11 | B26: PC Galon PECAH / KG | R26: =SUM(C26:Q26) -> 0
A27: GELASAN
A28: 1 | B28: Aqua Gelas Kotor | R28: =SUM(C28:Q28) -> 0
A29: 2 | B29: Aqua Gelas Bersih | R29: =SUM(C29:Q29) -> 0
A30: 3 | B30: Mountea/Sablon | R30: =SUM(C30:Q30) -> 0
A31: PLASTIK FLEKSIBEL / LEMBARAN
A32: 1 | B32: Plastik Bening PE & PP | R32: =SUM(C32:Q32) -> 0
A33: 2 | B33: HD Kresek | R33: =SUM(C33:Q33) -> 0
A34: 3 | B34: Kresek Campur | R34: =SUM(C34:Q34) -> 0
A35: 4 | B35: LLDPE Pouch | R35: =SUM(C35:Q35) -> 0
A36: 5 | B36: PP Sablon lembaran | R36: =SUM(C36:Q36) -> 0
A37: 6 | B37: Multi Layer | R37: =SUM(C37:Q37) -> 0
A38: KERASAN
A39: 1 | B39: Kerasan / PS/ ABS | R39: =SUM(C39:Q39) -> 0
A40: 2 | B40: PVC | R40: =SUM(C40:Q40) -> 0
A41: KERTAS
A42: 1 | B42: Buku Tulis/Buku Pelajaran | R42: =SUM(C42:Q42) -> 0
A43: 2 | B43: HVS | R43: =SUM(C43:Q43) -> 0
A44: 3 | B44: Kertas Buram/LKS/warna | R44: =SUM(C44:Q44) -> 0
A45: 4 | B45: Majalah | R45: =SUM(C45:Q45) -> 0
A46: 5 | B46: Koran | R46: =SUM(C46:Q46) -> 0
A47: 6 | B47: Duplek | R47: =SUM(C47:Q47) -> 0
A48: 7 | B48: Kardus | R48: =SUM(C48:Q48) -> 0
A49: 8 | B49: Kertas Campur | R49: =SUM(C49:Q49) -> 0
A50: LOGAM
A51: 1 | B51: Besi Kaleng (Omplong) | R51: =SUM(C51:Q51) -> 0
A52: 2 | B52: Besi B (Tipis) | R52: =SUM(C52:Q52) -> 0
A53: 3 | B53: Besi A (Tebal & Padat) | R53: =SUM(C53:Q53) -> 0
A54: 4 | B54: Seng / paku | R54: =SUM(C54:Q54) -> 0
A55: 5 | B55: Aluminium Kaleng/tipis | R55: =SUM(C55:Q55) -> 0
A56: 6 | B56: Aluminium Tebal | R56: =SUM(C56:Q56) -> 0
A57: 7 | B57: Tembaga | R57: =SUM(C57:Q57) -> 0
A58: 8 | B58: Logam campur | R58: =SUM(C58:Q58) -> 0
A59: KACA
A60: 1 | B60: Botol Bir Bintang Besar/biji | R60: =SUM(C60:Q60) -> 0
A61: 2 | B61: Botol Bir Bintang Kecil/biji | R61: =SUM(C61:Q61) -> 0
A62: 3 | B62: Botol Kaca Campur | R62: =SUM(C62:Q62) -> 0
A63: OTHER
A64: 1 | B64: Styrofoam Bersih | R64: =SUM(C64:Q64) -> 0
A65: 2 | B65: Net & PE Foam | R65: =SUM(C65:Q65) -> 0
A66: 3 | B66: Tetra Pack | R66: =SUM(C66:Q66) -> 0
A67: 4 | B67: Accu per kg | R67: =SUM(C67:Q67) -> 0
A68: 5 | B68: Minyak Jelantah | R68: =SUM(C68:Q68) -> 0
A69: 6 | B69: Sponge/Sepatu/Sandal Bekas | R69: =SUM(C69:Q69) -> 0
A70: 7 | B70: Tray Telur | R70: =SUM(C70:Q70) -> 0
A71: 8 | B71: Yakult | R71: =SUM(C71:Q71) -> 0
A72: 9 | B72: Kelapa Daksina | R72: =SUM(C72:Q72) -> 0
A73: 10 | B73: Kulit kabel | R73: =SUM(C73:Q73) -> 0
A74: 11 | B74: Boncos | R74: =SUM(C74:Q74) -> 0
A75: 12 | B75: Krat | R75: =SUM(C75:Q75) -> 0
A77: TOTAL | D77: =SUM(D8:D76) -> 0 | E77: =SUM(E8:E76) -> 0 | F77: =SUM(F8:F76) -> 0 | G77: =SUM(G8:G76) -> 0 | H77: =SUM(H8:H76) -> 0 | I77: =SUM(I8:I76) -> 0 | J77: =SUM(J8:J76) -> 0 | K77: =SUM(K8:K76) -> 0 | ... Q77: =SUM(Q8:Q76) -> 0 | R77: =SUM(R7:R76) -> 0
A78: NB : Harga dapat berubah sewaktu-waktu

Sheet Setoran 3
A1: ='Setoran 1'!A1:R1 -> REKAP JUAL BELI SAMPAH NASABAH BALI ARUM (BALI WASTE CYCLE)
A2: ='Data '!A2:D2 -> TANGGAL : 8 Agustus2026
A4: NO | B4: JENIS | C4: BERAT SETORAN | R4: TOTAL
C5: NOMOR INDUK NASABAH
A7: PLASTIK
A8: 1 | B8: Rongsok Campur | R8: =SUM(C8:Q8) -> 0
A9: 2 | B9: PET Kotor | R9: =SUM(C9:Q9) -> 0
A10: 3 | B10: PET KW 2 | R10: =SUM(C10:Q10) -> 0
A11: 4 | B11: PET Bersih Bening | R11: =SUM(C11:Q11) -> 0
A12: 5 | B12: PET Bersih Biru Muda | R12: =SUM(C12:Q12) -> 0
A13: 6 | B13: PET Bersih Warna | R13: =SUM(C13:Q13) -> 0
A14: 7 | B14: PET Bersih Campur | R14: =SUM(C14:Q14) -> 0
A15: PLASTIK RIGID / BERBENTUK
A16: 1 | B16: Putihan (HDPE & jenis lainnya) | R16: =SUM(C16:Q16) -> 0
A17: 2 | B17: Jerigen Bening bersih/ Jirigen minyak | R17: =SUM(C17:Q17) -> 0
A18: 3 | B18: Jerigen warna / bening tapi mangkak | R18: =SUM(C18:Q18) -> 0
A19: 4 | B19: Tutup PET (HDPE) | R19: =SUM(C19:Q19) -> 0
A20: 5 | B20: Tutup Galon (LDPE) | R20: =SUM(C20:Q20) -> 0
A21: 6 | B21: Tutup campur | R21: =SUM(C21:Q21) -> 0
A22: 7 | B22: PP Emberan Campur | R22: =SUM(C22:Q22) -> 0
A23: 8 | B23: PP Emberan warna | R23: =SUM(C23:Q23) -> 0
A24: 9 | B24: PP Emberan Hitam | R24: =SUM(C24:Q24) -> 0
A25: 10 | B25: PC Galon UTUH / BIJI | R25: =SUM(C25:Q25) -> 0
A26: 11 | B26: PC Galon PECAH / KG | R26: =SUM(C26:Q26) -> 0
A27: GELASAN
A28: 1 | B28: Aqua Gelas Kotor | R28: =SUM(C28:Q28) -> 0
A29: 2 | B29: Aqua Gelas Bersih | R29: =SUM(C29:Q29) -> 0
A30: 3 | B30: Mountea/Sablon | R30: =SUM(C30:Q30) -> 0
A31: PLASTIK FLEKSIBEL / LEMBARAN
A32: 1 | B32: Plastik Bening PE & PP | R32: =SUM(C32:Q32) -> 0
A33: 2 | B33: HD Kresek | R33: =SUM(C33:Q33) -> 0
A34: 3 | B34: Kresek Campur | R34: =SUM(C34:Q34) -> 0
A35: 4 | B35: LLDPE Pouch | R35: =SUM(C35:Q35) -> 0
A36: 5 | B36: PP Sablon lembaran | R36: =SUM(C36:Q36) -> 0
A37: 6 | B37: Multi Layer | R37: =SUM(C37:Q37) -> 0
A38: KERASAN
A39: 1 | B39: Kerasan / PS/ ABS | R39: =SUM(C39:Q39) -> 0
A40: 2 | B40: PVC | R40: =SUM(C40:Q40) -> 0
A41: KERTAS
A42: 1 | B42: Buku Tulis/Buku Pelajaran | R42: =SUM(C42:Q42) -> 0
A43: 2 | B43: HVS | R43: =SUM(C43:Q43) -> 0
A44: 3 | B44: Kertas Buram/LKS/warna | R44: =SUM(C44:Q44) -> 0
A45: 4 | B45: Majalah | R45: =SUM(C45:Q45) -> 0
A46: 5 | B46: Koran | R46: =SUM(C46:Q46) -> 0
A47: 6 | B47: Duplek | R47: =SUM(C47:Q47) -> 0
A48: 7 | B48: Kardus | R48: =SUM(C48:Q48) -> 0
A49: 8 | B49: Kertas Campur | R49: =SUM(C49:Q49) -> 0
A50: LOGAM
A51: 1 | B51: Besi Kaleng (Omplong) | R51: =SUM(C51:Q51) -> 0
A52: 2 | B52: Besi B (Tipis) | R52: =SUM(C52:Q52) -> 0
A53: 3 | B53: Besi A (Tebal & Padat) | R53: =SUM(C53:Q53) -> 0
A54: 4 | B54: Seng / paku | R54: =SUM(C54:Q54) -> 0
A55: 5 | B55: Aluminium Kaleng/tipis | R55: =SUM(C55:Q55) -> 0
A56: 6 | B56: Aluminium Tebal | R56: =SUM(C56:Q56) -> 0
A57: 7 | B57: Tembaga | R57: =SUM(C57:Q57) -> 0
A58: 8 | B58: Logam campur | R58: =SUM(C58:Q58) -> 0
A59: KACA
A60: 1 | B60: Botol Bir Bintang Besar/biji | R60: =SUM(C60:Q60) -> 0
A61: 2 | B61: Botol Bir Bintang Kecil/biji | R61: =SUM(C61:Q61) -> 0
A62: 3 | B62: Botol Kaca Campur | R62: =SUM(C62:Q62) -> 0
A63: OTHER
A64: 1 | B64: Styrofoam Bersih | R64: =SUM(C64:Q64) -> 0
A65: 2 | B65: Net & PE Foam | R65: =SUM(C65:Q65) -> 0
A66: 3 | B66: Tetra Pack | R66: =SUM(C66:Q66) -> 0
A67: 4 | B67: Accu per kg | R67: =SUM(C67:Q67) -> 0
A68: 5 | B68: Minyak Jelantah | R68: =SUM(C68:Q68) -> 0
A69: 6 | B69: Sponge/Sepatu/Sandal Bekas | R69: =SUM(C69:Q69) -> 0
A70: 7 | B70: Tray Telur | R70: =SUM(C70:Q70) -> 0
A71: 8 | B71: Yakult | R71: =SUM(C71:Q71) -> 0
A72: 9 | B72: Kelapa Daksina | R72: =SUM(C72:Q72) -> 0
A73: 10 | B73: Kulit kabel | R73: =SUM(C73:Q73) -> 0
A74: 11 | B74: Boncos | R74: =SUM(C74:Q74) -> 0
A75: 12 | B75: Krat | R75: =SUM(C75:Q75) -> 0
A77: TOTAL | C77: =SUM(C8:C76) -> 0 | D77: =SUM(D8:D76) -> 0 | E77: =SUM(E8:E76) -> 0 | F77: =SUM(F8:F76) -> 0 | G77: =SUM(G8:G76) -> 0 | H77: =SUM(H8:H76) -> 0 | I77: =SUM(I8:I76) -> 0 | J77: =SUM(J8:J76) -> 0 | ... Q77: =SUM(Q8:Q76) -> 0 | R77: =SUM(R7:R76) -> 0
A78: NB : Harga dapat berubah sewaktu-waktu

Sheet Rekap 1
A1: ='Setoran 1'!A1:R1 -> REKAP JUAL BELI SAMPAH NASABAH BALI ARUM (BALI WASTE CYCLE)
A2: ='Data '!A2 -> TANGGAL : 8 Agustus2026
A4: NO | B4: JENIS | C4: HARGA BELI | D4: HARGA JUAL | E4: NOMOR INDUK NASABAH | AX4: TOTAL | AY4: TOTAL BELI | AZ4: TOTAL JUAL | BA4: MARGIN
E5: ='Setoran 1'!C6 -> 010 Bernadeth | H5: ='Setoran 1'!D6 -> 042 Bu Intan | K5: ='Setoran 1'!E6 -> 058 Sawitri | N5: ='Setoran 1'!F6 -> 016 K. Nining | Q5: ='Setoran 1'!G6 -> 045 Inggrid | T5: ='Setoran 1'!H6 -> 001 Nining | W5: ='Setoran 1'!I6 -> 005 Inka | Z5: ='Setoran 1'!J6 -> 059 Edvin | AC5: ='Setoran 1'!K6 -> 036 Listina | AF5: ='Setoran 1'!L6 -> 041 Yanti | AI5: ='Setoran 1'!M6 -> 0 | AL5: ='Setoran 1'!N6 -> 0 | AO5: ='Setoran 1'!O6 -> 0 | AR5: ='Setoran 1'!P6 -> 0 | AU5: ='Setoran 1'!Q6 -> 0
E6: Berat Setoran | F6: Total Harga Beli | G6: Total Harga Jual | H6: Berat Setoran | I6: Total Harga Beli | J6: Total Harga Jual | K6: Berat Setoran | L6: Total Harga Beli | M6: Total Harga Jual | N6: Berat Setoran | O6: Total Harga Beli | P6: Total Harga Jual | Q6: Berat Setoran | R6: Total Harga Beli | S6: Total Harga Jual | T6: Berat Setoran | U6: Total Harga Beli | V6: Total Harga Jual | W6: Berat Setoran | X6: Total Harga Beli | Y6: Total Harga Jual | Z6: Berat Setoran | AA6: Total Harga Beli | AB6: Total Harga Jual | AC6: Berat Setoran | AD6: Total Harga Beli | AE6: Total Harga Jual | AF6: Berat Setoran | AG6: Total Harga Beli | AH6: Total Harga Jual | AI6: Berat Setoran | AJ6: Total Harga Beli | AK6: Total Harga Jual | AL6: Berat Setoran | AM6: Total Harga Beli | AN6: Total Harga Jual | AO6: Berat Setoran | AP6: Total Harga Beli | AQ6: Total Harga Jual | AR6: Berat Setoran | AS6: Total Harga Beli | AT6: Total Harga Jual | AU6: Berat Setoran | AV6: Total Harga Beli | AW6: Total Harga Jual
A7: PLASTIK
A8: 1 | B8: Rongsok Campur | C8: ='Data '!C8 -> 400 | D8: ='Data '!D8 -> 500 | E8: ='Setoran 1'!C8 -> 1 | F8: =E8*$C8 -> 400 | G8: =E8*$D8 -> 500 | H8: ='Setoran 1'!D8 -> 0.8 | I8: =H8*$C8 -> 320 | J8: =H8*$D8 -> 400 | K8: ='Setoran 1'!E8 -> 0 | L8: =K8*$C8 -> 0 | M8: =K8*$D8 -> 0 | N8: ='Setoran 1'!F8 -> 0 | O8: =N8*$C8 -> 0 | P8: =N8*$D8 -> 0 | Q8: ='Setoran 1'!G8 -> 0.44 | R8: =Q8*$C8 -> 176 | S8: =Q8*$D8 -> 220 | T8: ='Setoran 1'!H8 -> 0 | U8: =T8*$C8 -> 0 | V8: =T8*$D8 -> 0 | W8: ='Setoran 1'!I8 -> 0.81 | X8: =W8*$C8 -> 324 | Y8: =W8*$D8 -> 405 | Z8: ='Setoran 1'!J8 -> 0.45 | AA8: =Z8*$C8 -> 180 | AB8: =Z8*$D8 -> 225 | AC8: ='Setoran 1'!K8 -> 0 | AD8: =AC8*$C8 -> 0 | AE8: =AC8*$D8 -> 0 | AF8: ='Setoran 1'!L8 -> 0.58 | AG8: =AF8*$C8 -> 232 | AH8: =AF8*$D8 -> 290 | AI8: ='Setoran 1'!M8 -> 0 | AJ8: =AI8*$C8 -> 0 | AK8: =AI8*$D8 -> 0 | AL8: ='Setoran 1'!N8 -> 0 | AM8: =AL8*$C8 -> 0 | AN8: =AL8*$D8 -> 0 | AO8: ='Setoran 1'!O8 -> 0 | AP8: =AO8*$C8 -> 0 | AQ8: =AO8*$D8 -> 0 | AR8: ='Setoran 1'!P8 -> 0 | AS8: =AR8*$C8 -> 0 | AT8: =AR8*$D8 -> 0 | AU8: ='Setoran 1'!Q8 -> 0 | AV8: =AU8*$C8 -> 0 | AW8: =AU8*$D8 -> 0 | AX8: =SUM(E8,H8,K8,N8,Q8,T8,W8,Z8,AC8,AF8,AI8,AL8,AO8,AR8,AU8) -> 4.08 | AY8: =SUM(F8,I8,L8,O8,R8,U8,X8,AA8,AD8,,AG8,AJ8,AM8,AP8,AS8,AV8) -> 1632 | AZ8: =SUM(G8,J8,M8,P8,S8,V8,Y8,AB8,AE8,AH8,AK8,AN8,AQ8,AT8,AW8) -> 2040 | BA8: =AZ8-AY8 -> 408
A9: 2 | B9: PET Kotor | C9: ='Data '!C9 -> 400 | D9: ='Data '!D9 -> 500 | E9: ='Setoran 1'!C9 -> 0 | F9: =E9*C9 -> 0 | G9: =E9*D9 -> 0 | H9: ='Setoran 1'!D9 -> 0 | I9: =H9*$C9 -> 0 | J9: =H9*$D9 -> 0 | K9: ='Setoran 1'!E9 -> 0 | L9: =K9*$C9 -> 0 | M9: =K9*$D9 -> 0 | N9: ='Setoran 1'!F9 -> 0 | O9: =N9*$C9 -> 0 | P9: =N9*$D9 -> 0 | Q9: ='Setoran 1'!G9 -> 0 | R9: =Q9*$C9 -> 0 | S9: =Q9*$D9 -> 0 | T9: ='Setoran 1'!H9 -> 0 | U9: =T9*$C9 -> 0 | V9: =T9*$D9 -> 0 | W9: ='Setoran 1'!I9 -> 0 | X9: =W9*$C9 -> 0 | Y9: =W9*$D9 -> 0 | Z9: ='Setoran 1'!J9 -> 0 | AA9: =Z9*$C9 -> 0 | AB9: =Z9*$D9 -> 0 | AC9: ='Setoran 1'!K9 -> 0 | AD9: =AC9*$C9 -> 0 | AE9: =AC9*$D9 -> 0 | AF9: ='Setoran 1'!L9 -> 0 | AG9: =AF9*$C9 -> 0 | AH9: =AF9*$D9 -> 0 | AI9: ='Setoran 1'!M9 -> 0 | AJ9: =AI9*$C9 -> 0 | AK9: =AI9*$D9 -> 0 | AL9: ='Setoran 1'!N9 -> 0 | AM9: =AL9*$C9 -> 0 | AN9: =AL9*$D9 -> 0 | AO9: ='Setoran 1'!O9 -> 0 | AP9: =AO9*$C9 -> 0 | AQ9: =AO9*$D9 -> 0 | AR9: ='Setoran 1'!P9 -> 0 | AS9: =AR9*$C9 -> 0 | AT9: =AR9*$D9 -> 0 | AU9: ='Setoran 1'!Q9 -> 0 | AV9: =AU9*$C9 -> 0 | AW9: =AU9*$D9 -> 0 | AX9: =SUM(E9,H9,K9,N9,Q9,T9,W9,Z9,AC9,AF9,AI9,AL9,AO9,AR9,AU9) -> 0 | AY9: =SUM(F9,I9,L9,O9,R9,U9,X9,AA9,AD9,,AG9,AJ9,AM9,AP9,AS9,AV9) -> 0 | AZ9: =SUM(G9,J9,M9,P9,S9,V9,Y9,AB9,AE9,AH9,AK9,AN9,AQ9,AT9,AW9) -> 0 | BA9: =AZ9-AY9 -> 0
A10: 3 | B10: PET KW 2 | C10: ='Data '!C10 -> 300 | D10: ='Data '!D10 -> 400 | E10: ='Setoran 1'!C10 -> 0 | F10: =E10*C10 -> 0 | G10: =E10*D10 -> 0 | H10: ='Setoran 1'!D10 -> 0 | I10: =H10*$C10 -> 0 | J10: =H10*$D10 -> 0 | K10: ='Setoran 1'!E10 -> 0 | L10: =K10*$C10 -> 0 | M10: =K10*$D10 -> 0 | N10: ='Setoran 1'!F10 -> 0 | O10: =N10*$C10 -> 0 | P10: =N10*$D10 -> 0 | Q10: ='Setoran 1'!G10 -> 0 | R10: =Q10*$C10 -> 0 | S10: =Q10*$D10 -> 0 | T10: ='Setoran 1'!H10 -> 0 | U10: =T10*$C10 -> 0 | V10: =T10*$D10 -> 0 | W10: ='Setoran 1'!I10 -> 0 | X10: =W10*$C10 -> 0 | Y10: =W10*$D10 -> 0 | Z10: ='Setoran 1'!J10 -> 0 | AA10: =Z10*$C10 -> 0 | AB10: =Z10*$D10 -> 0 | AC10: ='Setoran 1'!K10 -> 0 | AD10: =AC10*$C10 -> 0 | AE10: =AC10*$D10 -> 0 | AF10: ='Setoran 1'!L10 -> 0 | AG10: =AF10*$C10 -> 0 | AH10: =AF10*$D10 -> 0 | AI10: ='Setoran 1'!M10 -> 0 | AJ10: =AI10*$C10 -> 0 | AK10: =AI10*$D10 -> 0 | AL10: ='Setoran 1'!N10 -> 0 | AM10: =AL10*$C10 -> 0 | AN10: =AL10*$D10 -> 0 | AO10: ='Setoran 1'!O10 -> 0 | AP10: =AO10*$C10 -> 0 | AQ10: =AO10*$D10 -> 0 | AR10: ='Setoran 1'!P10 -> 0 | AS10: =AR10*$C10 -> 0 | AT10: =AR10*$D10 -> 0 | AU10: ='Setoran 1'!Q10 -> 0 | AV10: =AU10*$C10 -> 0 | AW10: =AU10*$D10 -> 0 | AX10: =SUM(E10,H10,K10,N10,Q10,T10,W10,Z10,AC10,AF10,AI10,AL10,AO10,AR10,AU10) -> 0 | AY10: =SUM(F10,I10,L10,O10,R10,U10,X10,AA10,AD10,,AG10,AJ10,AM10,AP10,AS10,AV10) -> 0 | AZ10: =SUM(G10,J10,M10,P10,S10,V10,Y10,AB10,AE10,AH10,AK10,AN10,AQ10,AT10,AW10) -> 0 | BA10: =AZ10-AY10 -> 0
A11: 4 | B11: PET Bersih Bening | C11: ='Data '!C11 -> 2800 | D11: ='Data '!D11 -> 3000 | E11: ='Setoran 1'!C11 -> 0 | F11: =E11*C11 -> 0 | G11: =E11*D11 -> 0 | H11: ='Setoran 1'!D11 -> 0 | I11: =H11*$C11 -> 0 | J11: =H11*$D11 -> 0 | K11: ='Setoran 1'!E11 -> 0 | L11: =K11*$C11 -> 0 | M11: =K11*$D11 -> 0 | N11: ='Setoran 1'!F11 -> 0 | O11: =N11*$C11 -> 0 | P11: =N11*$D11 -> 0 | Q11: ='Setoran 1'!G11 -> 0 | R11: =Q11*$C11 -> 0 | S11: =Q11*$D11 -> 0 | T11: ='Setoran 1'!H11 -> 0 | U11: =T11*$C11 -> 0 | V11: =T11*$D11 -> 0 | W11: ='Setoran 1'!I11 -> 0 | X11: =W11*$C11 -> 0 | Y11: =W11*$D11 -> 0 | Z11: ='Setoran 1'!J11 -> 0 | AA11: =Z11*$C11 -> 0 | AB11: =Z11*$D11 -> 0 | AC11: ='Setoran 1'!K11 -> 0 | AD11: =AC11*$C11 -> 0 | AE11: =AC11*$D11 -> 0 | AF11: ='Setoran 1'!L11 -> 0 | AG11: =AF11*$C11 -> 0 | AH11: =AF11*$D11 -> 0 | AI11: ='Setoran 1'!M11 -> 0 | AJ11: =AI11*$C11 -> 0 | AK11: =AI11*$D11 -> 0 | AL11: ='Setoran 1'!N11 -> 0 | AM11: =AL11*$C11 -> 0 | AN11: =AL11*$D11 -> 0 | AO11: ='Setoran 1'!O11 -> 0 | AP11: =AO11*$C11 -> 0 | AQ11: =AO11*$D11 -> 0 | AR11: ='Setoran 1'!P11 -> 0 | AS11: =AR11*$C11 -> 0 | AT11: =AR11*$D11 -> 0 | AU11: ='Setoran 1'!Q11 -> 0 | AV11: =AU11*$C11 -> 0 | AW11: =AU11*$D11 -> 0 | AX11: =SUM(E11,H11,K11,N11,Q11,T11,W11,Z11,AC11,AF11,AI11,AL11,AO11,AR11,AU11) -> 0 | AY11: =SUM(F11,I11,L11,O11,R11,U11,X11,AA11,AD11,,AG11,AJ11,AM11,AP11,AS11,AV11) -> 0 | AZ11: =SUM(G11,J11,M11,P11,S11,V11,Y11,AB11,AE11,AH11,AK11,AN11,AQ11,AT11,AW11) -> 0 | BA11: =AZ11-AY11 -> 0
A12: 5 | B12: PET Bersih Biru Muda | C12: ='Data '!C12 -> 2400 | D12: ='Data '!D12 -> 2500 | E12: ='Setoran 1'!C12 -> 0 | F12: =E12*C12 -> 0 | G12: =E12*D12 -> 0 | H12: ='Setoran 1'!D12 -> 0 | I12: =H12*$C12 -> 0 | J12: =H12*$D12 -> 0 | K12: ='Setoran 1'!E12 -> 0 | L12: =K12*$C12 -> 0 | M12: =K12*$D12 -> 0 | N12: ='Setoran 1'!F12 -> 0 | O12: =N12*$C12 -> 0 | P12: =N12*$D12 -> 0 | Q12: ='Setoran 1'!G12 -> 0 | R12: =Q12*$C12 -> 0 | S12: =Q12*$D12 -> 0 | T12: ='Setoran 1'!H12 -> 0 | U12: =T12*$C12 -> 0 | V12: =T12*$D12 -> 0 | W12: ='Setoran 1'!I12 -> 0 | X12: =W12*$C12 -> 0 | Y12: =W12*$D12 -> 0 | Z12: ='Setoran 1'!J12 -> 0 | AA12: =Z12*$C12 -> 0 | AB12: =Z12*$D12 -> 0 | AC12: ='Setoran 1'!K12 -> 13.64 | AD12: =AC12*$C12 -> 32736 | AE12: =AC12*$D12 -> 34100 | AF12: ='Setoran 1'!L12 -> 0 | AG12: =AF12*$C12 -> 0 | AH12: =AF12*$D12 -> 0 | AI12: ='Setoran 1'!M12 -> 0 | AJ12: =AI12*$C12 -> 0 | AK12: =AI12*$D12 -> 0 | AL12: ='Setoran 1'!N12 -> 0 | AM12: =AL12*$C12 -> 0 | AN12: =AL12*$D12 -> 0 | AO12: ='Setoran 1'!O12 -> 0 | AP12: =AO12*$C12 -> 0 | AQ12: =AO12*$D12 -> 0 | AR12: ='Setoran 1'!P12 -> 0 | AS12: =AR12*$C12 -> 0 | AT12: =AR12*$D12 -> 0 | AU12: ='Setoran 1'!Q12 -> 0 | AV12: =AU12*$C12 -> 0 | AW12: =AU12*$D12 -> 0 | AX12: =SUM(E12,H12,K12,N12,Q12,T12,W12,Z12,AC12,AF12,AI12,AL12,AO12,AR12,AU12) -> 13.64 | AY12: =SUM(F12,I12,L12,O12,R12,U12,X12,AA12,AD12,,AG12,AJ12,AM12,AP12,AS12,AV12) -> 32736 | AZ12: =SUM(G12,J12,M12,P12,S12,V12,Y12,AB12,AE12,AH12,AK12,AN12,AQ12,AT12,AW12) -> 34100 | BA12: =AZ12-AY12 -> 1364
A13: 6 | B13: PET Bersih Warna | C13: ='Data '!C13 -> 700 | D13: ='Data '!D13 -> 800 | E13: ='Setoran 1'!C13 -> 0 | F13: =E13*C13 -> 0 | G13: =E13*D13 -> 0 | H13: ='Setoran 1'!D13 -> 0 | I13: =H13*$C13 -> 0 | J13: =H13*$D13 -> 0 | K13: ='Setoran 1'!E13 -> 0 | L13: =K13*$C13 -> 0 | M13: =K13*$D13 -> 0 | N13: ='Setoran 1'!F13 -> 0 | O13: =N13*$C13 -> 0 | P13: =N13*$D13 -> 0 | Q13: ='Setoran 1'!G13 -> 0 | R13: =Q13*$C13 -> 0 | S13: =Q13*$D13 -> 0 | T13: ='Setoran 1'!H13 -> 0 | U13: =T13*$C13 -> 0 | V13: =T13*$D13 -> 0 | W13: ='Setoran 1'!I13 -> 0 | X13: =W13*$C13 -> 0 | Y13: =W13*$D13 -> 0 | Z13: ='Setoran 1'!J13 -> 0 | AA13: =Z13*$C13 -> 0 | AB13: =Z13*$D13 -> 0 | AC13: ='Setoran 1'!K13 -> 0 | AD13: =AC13*$C13 -> 0 | AE13: =AC13*$D13 -> 0 | AF13: ='Setoran 1'!L13 -> 0 | AG13: =AF13*$C13 -> 0 | AH13: =AF13*$D13 -> 0 | AI13: ='Setoran 1'!M13 -> 0 | AJ13: =AI13*$C13 -> 0 | AK13: =AI13*$D13 -> 0 | AL13: ='Setoran 1'!N13 -> 0 | AM13: =AL13*$C13 -> 0 | AN13: =AL13*$D13 -> 0 | AO13: ='Setoran 1'!O13 -> 0 | AP13: =AO13*$C13 -> 0 | AQ13: =AO13*$D13 -> 0 | AR13: ='Setoran 1'!P13 -> 0 | AS13: =AR13*$C13 -> 0 | AT13: =AR13*$D13 -> 0 | AU13: ='Setoran 1'!Q13 -> 0 | AV13: =AU13*$C13 -> 0 | AW13: =AU13*$D13 -> 0 | AX13: =SUM(E13,H13,K13,N13,Q13,T13,W13,Z13,AC13,AF13,AI13,AL13,AO13,AR13,AU13) -> 0 | AY13: =SUM(F13,I13,L13,O13,R13,U13,X13,AA13,AD13,,AG13,AJ13,AM13,AP13,AS13,AV13) -> 0 | AZ13: =SUM(G13,J13,M13,P13,S13,V13,Y13,AB13,AE13,AH13,AK13,AN13,AQ13,AT13,AW13) -> 0 | BA13: =AZ13-AY13 -> 0
A14: 7 | B14: PET Bersih Campur | C14: ='Data '!C14 -> 1600 | D14: ='Data '!D14 -> 1700 | E14: ='Setoran 1'!C14 -> 0 | F14: =E14*C14 -> 0 | G14: =E14*D14 -> 0 | H14: ='Setoran 1'!D14 -> 0 | I14: =H14*$C14 -> 0 | J14: =H14*$D14 -> 0 | K14: ='Setoran 1'!E14 -> 0 | L14: =K14*$C14 -> 0 | M14: =K14*$D14 -> 0 | N14: ='Setoran 1'!F14 -> 0.5 | O14: =N14*$C14 -> 800 | P14: =N14*$D14 -> 850 | Q14: ='Setoran 1'!G14 -> 1.23 | R14: =Q14*$C14 -> 1968 | S14: =Q14*$D14 -> 2091 | T14: ='Setoran 1'!H14 -> 0 | U14: =T14*$C14 -> 0 | V14: =T14*$D14 -> 0 | W14: ='Setoran 1'!I14 -> 0.7 | X14: =W14*$C14 -> 1120 | Y14: =W14*$D14 -> 1190 | Z14: ='Setoran 1'!J14 -> 0 | AA14: =Z14*$C14 -> 0 | AB14: =Z14*$D14 -> 0 | AC14: ='Setoran 1'!K14 -> 2.14 | AD14: =AC14*$C14 -> 3424 | AE14: =AC14*$D14 -> 3638 | AF14: ='Setoran 1'!L14 -> 2.4 | AG14: =AF14*$C14 -> 3840 | AH14: =AF14*$D14 -> 4080 | AI14: ='Setoran 1'!M14 -> 0 | AJ14: =AI14*$C14 -> 0 | AK14: =AI14*$D14 -> 0 | AL14: ='Setoran 1'!N14 -> 0 | AM14: =AL14*$C14 -> 0 | AN14: =AL14*$D14 -> 0 | AO14: ='Setoran 1'!O14 -> 0 | AP14: =AO14*$C14 -> 0 | AQ14: =AO14*$D14 -> 0 | AR14: ='Setoran 1'!P14 -> 0 | AS14: =AR14*$C14 -> 0 | AT14: =AR14*$D14 -> 0 | AU14: ='Setoran 1'!Q14 -> 0 | AV14: =AU14*$C14 -> 0 | AW14: =AU14*$D14 -> 0 | AX14: =SUM(E14,H14,K14,N14,Q14,T14,W14,Z14,AC14,AF14,AI14,AL14,AO14,AR14,AU14) -> 6.97 | AY14: =SUM(F14,I14,L14,O14,R14,U14,X14,AA14,AD14,,AG14,AJ14,AM14,AP14,AS14,AV14) -> 11152 | AZ14: =SUM(G14,J14,M14,P14,S14,V14,Y14,AB14,AE14,AH14,AK14,AN14,AQ14,AT14,AW14) -> 11849 | BA14: =AZ14-AY14 -> 697
A15: PLASTIK RIGID / BERBENTUK
A16: 1 | B16: Putihan (HDPE & jenis lainnya) | C16: ='Data '!C15 -> 1800 | D16: ='Data '!D15 -> 2000 | E16: ='Setoran 1'!C16 -> 0 | F16: =E16*C16 -> 0 | G16: =E16*D16 -> 0 | H16: ='Setoran 1'!D16 -> 1.6 | I16: =H16*$C16 -> 2880 | J16: =H16*$D16 -> 3200 | K16: ='Setoran 1'!E16 -> 0 | L16: =K16*$C16 -> 0 | M16: =K16*$D16 -> 0 | N16: ='Setoran 1'!F16 -> 1.1 | O16: =N16*$C16 -> 1980 | P16: =N16*$D16 -> 2200 | Q16: ='Setoran 1'!G16 -> 2.25 | R16: =Q16*$C16 -> 4050 | S16: =Q16*$D16 -> 4500 | T16: ='Setoran 1'!H16 -> 0 | U16: =T16*$C16 -> 0 | V16: =T16*$D16 -> 0 | W16: ='Setoran 1'!I16 -> 1.5 | X16: =W16*$C16 -> 2700 | Y16: =W16*$D16 -> 3000 | Z16: ='Setoran 1'!J16 -> 0.07 | AA16: =Z16*$C16 -> 126 | AB16: =Z16*$D16 -> 140 | AC16: ='Setoran 1'!K16 -> 2.14 | AD16: =AC16*$C16 -> 3852 | AE16: =AC16*$D16 -> 4280 | AF16: ='Setoran 1'!L16 -> 0.22 | AG16: =AF16*$C16 -> 396 | AH16: =AF16*$D16 -> 440 | AI16: ='Setoran 1'!M16 -> 0 | AJ16: =AI16*$C16 -> 0 | AK16: =AI16*$D16 -> 0 | AL16: ='Setoran 1'!N16 -> 0 | AM16: =AL16*$C16 -> 0 | AN16: =AL16*$D16 -> 0 | AO16: ='Setoran 1'!O16 -> 0 | AP16: =AO16*$C16 -> 0 | AQ16: =AO16*$D16 -> 0 | AR16: ='Setoran 1'!P16 -> 0 | AS16: =AR16*$C16 -> 0 | AT16: =AR16*$D16 -> 0 | AU16: ='Setoran 1'!Q16 -> 0 | AV16: =AU16*$C16 -> 0 | AW16: =AU16*$D16 -> 0 | AX16: =SUM(E16,H16,K16,N16,Q16,T16,W16,Z16,AC16,AF16,AI16,AL16,AO16,AR16,AU16) -> 8.88 | AY16: =SUM(F16,I16,L16,O16,R16,U16,X16,AA16,AD16,,AG16,AJ16,AM16,AP16,AS16,AV16) -> 15984 | AZ16: =SUM(G16,J16,M16,P16,S16,V16,Y16,AB16,AE16,AH16,AK16,AN16,AQ16,AT16,AW16) -> 17760 | BA16: =AZ16-AY16 -> 1776
A17: 2 | B17: Jerigen Bening bersih/ Jirigen minyak | C17: ='Data '!C16 -> 2400 | D17: ='Data '!D16 -> 2500 | E17: ='Setoran 1'!C17 -> 0 | F17: =E17*C17 -> 0 | G17: =E17*D17 -> 0 | H17: ='Setoran 1'!D17 -> 0 | I17: =H17*$C17 -> 0 | J17: =H17*$D17 -> 0 | K17: ='Setoran 1'!E17 -> 0 | L17: =K17*$C17 -> 0 | M17: =K17*$D17 -> 0 | N17: ='Setoran 1'!F17 -> 0 | O17: =N17*$C17 -> 0 | P17: =N17*$D17 -> 0 | Q17: ='Setoran 1'!G17 -> 0 | R17: =Q17*$C17 -> 0 | S17: =Q17*$D17 -> 0 | T17: ='Setoran 1'!H17 -> 0 | U17: =T17*$C17 -> 0 | V17: =T17*$D17 -> 0 | W17: ='Setoran 1'!I17 -> 0 | X17: =W17*$C17 -> 0 | Y17: =W17*$D17 -> 0 | Z17: ='Setoran 1'!J17 -> 0 | AA17: =Z17*$C17 -> 0 | AB17: =Z17*$D17 -> 0 | AC17: ='Setoran 1'!K17 -> 0 | AD17: =AC17*$C17 -> 0 | AE17: =AC17*$D17 -> 0 | AF17: ='Setoran 1'!L17 -> 0.24 | AG17: =AF17*$C17 -> 576 | AH17: =AF17*$D17 -> 600 | AI17: ='Setoran 1'!M17 -> 0 | AJ17: =AI17*$C17 -> 0 | AK17: =AI17*$D17 -> 0 | AL17: ='Setoran 1'!N17 -> 0 | AM17: =AL17*$C17 -> 0 | AN17: =AL17*$D17 -> 0 | AO17: ='Setoran 1'!O17 -> 0 | AP17: =AO17*$C17 -> 0 | AQ17: =AO17*$D17 -> 0 | AR17: ='Setoran 1'!P17 -> 0 | AS17: =AR17*$C17 -> 0 | AT17: =AR17*$D17 -> 0 | AU17: ='Setoran 1'!Q17 -> 0 | AV17: =AU17*$C17 -> 0 | AW17: =AU17*$D17 -> 0 | AX17: =SUM(E17,H17,K17,N17,Q17,T17,W17,Z17,AC17,AF17,AI17,AL17,AO17,AR17,AU17) -> 0.24 | AY17: =SUM(F17,I17,L17,O17,R17,U17,X17,AA17,AD17,,AG17,AJ17,AM17,AP17,AS17,AV17) -> 576 | AZ17: =SUM(G17,J17,M17,P17,S17,V17,Y17,AB17,AE17,AH17,AK17,AN17,AQ17,AT17,AW17) -> 600 | BA17: =AZ17-AY17 -> 24
A18: 3 | B18: Jerigen warna / bening tapi mangkak | C18: ='Data '!C17 -> 1900 | D18: ='Data '!D17 -> 2000 | E18: ='Setoran 1'!C18 -> 0 | F18: =E18*C18 -> 0 | G18: =E18*D18 -> 0 | H18: ='Setoran 1'!D18 -> 0 | I18: =H18*$C18 -> 0 | J18: =H18*$D18 -> 0 | K18: ='Setoran 1'!E18 -> 0 | L18: =K18*$C18 -> 0 | M18: =K18*$D18 -> 0 | N18: ='Setoran 1'!F18 -> 0 | O18: =N18*$C18 -> 0 | P18: =N18*$D18 -> 0 | Q18: ='Setoran 1'!G18 -> 0 | R18: =Q18*$C18 -> 0 | S18: =Q18*$D18 -> 0 | T18: ='Setoran 1'!H18 -> 0 | U18: =T18*$C18 -> 0 | V18: =T18*$D18 -> 0 | W18: ='Setoran 1'!I18 -> 0 | X18: =W18*$C18 -> 0 | Y18: =W18*$D18 -> 0 | Z18: ='Setoran 1'!J18 -> 0 | AA18: =Z18*$C18 -> 0 | AB18: =Z18*$D18 -> 0 | AC18: ='Setoran 1'!K18 -> 0 | AD18: =AC18*$C18 -> 0 | AE18: =AC18*$D18 -> 0 | AF18: ='Setoran 1'!L18 -> 0 | AG18: =AF18*$C18 -> 0 | AH18: =AF18*$D18 -> 0 | AI18: ='Setoran 1'!M18 -> 0 | AJ18: =AI18*$C18 -> 0 | AK18: =AI18*$D18 -> 0 | AL18: ='Setoran 1'!N18 -> 0 | AM18: =AL18*$C18 -> 0 | AN18: =AL18*$D18 -> 0 | AO18: ='Setoran 1'!O18 -> 0 | AP18: =AO18*$C18 -> 0 | AQ18: =AO18*$D18 -> 0 | AR18: ='Setoran 1'!P18 -> 0 | AS18: =AR18*$C18 -> 0 | AT18: =AR18*$D18 -> 0 | AU18: ='Setoran 1'!Q18 -> 0 | AV18: =AU18*$C18 -> 0 | AW18: =AU18*$D18 -> 0 | AX18: =SUM(E18,H18,K18,N18,Q18,T18,W18,Z18,AC18,AF18,AI18,AL18,AO18,AR18,AU18) -> 0 | AY18: =SUM(F18,I18,L18,O18,R18,U18,X18,AA18,AD18,,AG18,AJ18,AM18,AP18,AS18,AV18) -> 0 | AZ18: =SUM(G18,J18,M18,P18,S18,V18,Y18,AB18,AE18,AH18,AK18,AN18,AQ18,AT18,AW18) -> 0 | BA18: =AZ18-AY18 -> 0
A19: 4 | B19: Tutup PET (HDPE) | C19: ='Data '!C18 -> 1800 | D19: ='Data '!D18 -> 2000 | E19: ='Setoran 1'!C19 -> 0 | F19: =E19*C19 -> 0 | G19: =E19*D19 -> 0 | H19: ='Setoran 1'!D19 -> 0.3 | I19: =H19*$C19 -> 540 | J19: =H19*$D19 -> 600 | K19: ='Setoran 1'!E19 -> 0 | L19: =K19*$C19 -> 0 | M19: =K19*$D19 -> 0 | N19: ='Setoran 1'!F19 -> 0.05 | O19: =N19*$C19 -> 90 | P19: =N19*$D19 -> 100 | Q19: ='Setoran 1'!G19 -> 0.19 | R19: =Q19*$C19 -> 342 | S19: =Q19*$D19 -> 380 | T19: ='Setoran 1'!H19 -> 0 | U19: =T19*$C19 -> 0 | V19: =T19*$D19 -> 0 | W19: ='Setoran 1'!I19 -> 0.14 | X19: =W19*$C19 -> 252 | Y19: =W19*$D19 -> 280 | Z19: ='Setoran 1'!J19 -> 0 | AA19: =Z19*$C19 -> 0 | AB19: =Z19*$D19 -> 0 | AC19: ='Setoran 1'!K19 -> 0 | AD19: =AC19*$C19 -> 0 | AE19: =AC19*$D19 -> 0 | AF19: ='Setoran 1'!L19 -> 0 | AG19: =AF19*$C19 -> 0 | AH19: =AF19*$D19 -> 0 | AI19: ='Setoran 1'!M19 -> 0 | AJ19: =AI19*$C19 -> 0 | AK19: =AI19*$D19 -> 0 | AL19: ='Setoran 1'!N19 -> 0 | AM19: =AL19*$C19 -> 0 | AN19: =AL19*$D19 -> 0 | AO19: ='Setoran 1'!O19 -> 0 | AP19: =AO19*$C19 -> 0 | AQ19: =AO19*$D19 -> 0 | AR19: ='Setoran 1'!P19 -> 0 | AS19: =AR19*$C19 -> 0 | AT19: =AR19*$D19 -> 0 | AU19: ='Setoran 1'!Q19 -> 0 | AV19: =AU19*$C19 -> 0 | AW19: =AU19*$D19 -> 0 | AX19: =SUM(E19,H19,K19,N19,Q19,T19,W19,Z19,AC19,AF19,AI19,AL19,AO19,AR19,AU19) -> 0.68 | AY19: =SUM(F19,I19,L19,O19,R19,U19,X19,AA19,AD19,,AG19,AJ19,AM19,AP19,AS19,AV19) -> 1224 | AZ19: =SUM(G19,J19,M19,P19,S19,V19,Y19,AB19,AE19,AH19,AK19,AN19,AQ19,AT19,AW19) -> 1360 | BA19: =AZ19-AY19 -> 136
A20: 5 | B20: Tutup Galon (LDPE) | C20: ='Data '!C19 -> 1700 | D20: ='Data '!D19 -> 1800 | E20: ='Setoran 1'!C20 -> 0 | F20: =E20*C20 -> 0 | G20: =E20*D20 -> 0 | H20: ='Setoran 1'!D20 -> 0 | I20: =H20*$C20 -> 0 | J20: =H20*$D20 -> 0 | K20: ='Setoran 1'!E20 -> 0 | L20: =K20*$C20 -> 0 | M20: =K20*$D20 -> 0 | N20: ='Setoran 1'!F20 -> 0.09 | O20: =N20*$C20 -> 153 | P20: =N20*$D20 -> 162 | Q20: ='Setoran 1'!G20 -> 0 | R20: =Q20*$C20 -> 0 | S20: =Q20*$D20 -> 0 | T20: ='Setoran 1'!H20 -> 0 | U20: =T20*$C20 -> 0 | V20: =T20*$D20 -> 0 | W20: ='Setoran 1'!I20 -> 0.1 | X20: =W20*$C20 -> 170 | Y20: =W20*$D20 -> 180 | Z20: ='Setoran 1'!J20 -> 0 | AA20: =Z20*$C20 -> 0 | AB20: =Z20*$D20 -> 0 | AC20: ='Setoran 1'!K20 -> 1.36 | AD20: =AC20*$C20 -> 2312 | AE20: =AC20*$D20 -> 2448 | AF20: ='Setoran 1'!L20 -> 0.27 | AG20: =AF20*$C20 -> 459 | AH20: =AF20*$D20 -> 486 | AI20: ='Setoran 1'!M20 -> 0 | AJ20: =AI20*$C20 -> 0 | AK20: =AI20*$D20 -> 0 | AL20: ='Setoran 1'!N20 -> 0 | AM20: =AL20*$C20 -> 0 | AN20: =AL20*$D20 -> 0 | AO20: ='Setoran 1'!O20 -> 0 | AP20: =AO20*$C20 -> 0 | AQ20: =AO20*$D20 -> 0 | AR20: ='Setoran 1'!P20 -> 0 | AS20: =AR20*$C20 -> 0 | AT20: =AR20*$D20 -> 0 | AU20: ='Setoran 1'!Q20 -> 0 | AV20: =AU20*$C20 -> 0 | AW20: =AU20*$D20 -> 0 | AX20: =SUM(E20,H20,K20,N20,Q20,T20,W20,Z20,AC20,AF20,AI20,AL20,AO20,AR20,AU20) -> 1.82 | AY20: =SUM(F20,I20,L20,O20,R20,U20,X20,AA20,AD20,,AG20,AJ20,AM20,AP20,AS20,AV20) -> 3094 | AZ20: =SUM(G20,J20,M20,P20,S20,V20,Y20,AB20,AE20,AH20,AK20,AN20,AQ20,AT20,AW20) -> 3276 | BA20: =AZ20-AY20 -> 182
A21: 6 | B21: Tutup campur | C21: ='Data '!C20 -> 0 | D21: ='Data '!D20 -> 0 | E21: ='Setoran 1'!C21 -> 0 | F21: =E21*C21 -> 0 | G21: =E21*D21 -> 0 | H21: ='Setoran 1'!D21 -> 0 | I21: =H21*$C21 -> 0 | J21: =H21*$D21 -> 0 | K21: ='Setoran 1'!E21 -> 0 | L21: =K21*$C21 -> 0 | M21: =K21*$D21 -> 0 | N21: ='Setoran 1'!F21 -> 0 | O21: =N21*$C21 -> 0 | P21: =N21*$D21 -> 0 | Q21: ='Setoran 1'!G21 -> 0 | R21: =Q21*$C21 -> 0 | S21: =Q21*$D21 -> 0 | T21: ='Setoran 1'!H21 -> 0 | U21: =T21*$C21 -> 0 | V21: =T21*$D21 -> 0 | W21: ='Setoran 1'!I21 -> 0 | X21: =W21*$C21 -> 0 | Y21: =W21*$D21 -> 0 | Z21: ='Setoran 1'!J21 -> 0 | AA21: =Z21*$C21 -> 0 | AB21: =Z21*$D21 -> 0 | AC21: ='Setoran 1'!K21 -> 0 | AD21: =AC21*$C21 -> 0 | AE21: =AC21*$D21 -> 0 | AF21: ='Setoran 1'!L21 -> 0 | AG21: =AF21*$C21 -> 0 | AH21: =AF21*$D21 -> 0 | AI21: ='Setoran 1'!M21 -> 0 | AJ21: =AI21*$C21 -> 0 | AK21: =AI21*$D21 -> 0 | AL21: ='Setoran 1'!N21 -> 0 | AM21: =AL21*$C21 -> 0 | AN21: =AL21*$D21 -> 0 | AO21: ='Setoran 1'!O21 -> 0 | AP21: =AO21*$C21 -> 0 | AQ21: =AO21*$D21 -> 0 | AR21: ='Setoran 1'!P21 -> 0 | AS21: =AR21*$C21 -> 0 | AT21: =AR21*$D21 -> 0 | AU21: ='Setoran 1'!Q21 -> 0 | AV21: =AU21*$C21 -> 0 | AW21: =AU21*$D21 -> 0 | AX21: =SUM(E21,H21,K21,N21,Q21,T21,W21,Z21,AC21,AF21,AI21,AL21,AO21,AR21,AU21) -> 0 | AY21: =SUM(F21,I21,L21,O21,R21,U21,X21,AA21,AD21,,AG21,AJ21,AM21,AP21,AS21,AV21) -> 0 | AZ21: =SUM(G21,J21,M21,P21,S21,V21,Y21,AB21,AE21,AH21,AK21,AN21,AQ21,AT21,AW21) -> 0 | BA21: =AZ21-AY21 -> 0
A22: 7 | B22: PP Emberan Campur | C22: ='Data '!C21 -> 900 | D22: ='Data '!D21 -> 1000 | E22: ='Setoran 1'!C22 -> 0 | F22: =E22*C22 -> 0 | G22: =E22*D22 -> 0 | H22: ='Setoran 1'!D22 -> 0 | I22: =H22*$C22 -> 0 | J22: =H22*$D22 -> 0 | K22: ='Setoran 1'!E22 -> 0 | L22: =K22*$C22 -> 0 | M22: =K22*$D22 -> 0 | N22: ='Setoran 1'!F22 -> 0 | O22: =N22*$C22 -> 0 | P22: =N22*$D22 -> 0 | Q22: ='Setoran 1'!G22 -> 0 | R22: =Q22*$C22 -> 0 | S22: =Q22*$D22 -> 0 | T22: ='Setoran 1'!H22 -> 3.84 | U22: =T22*$C22 -> 3456 | V22: =T22*$D22 -> 3840 | W22: ='Setoran 1'!I22 -> 0 | X22: =W22*$C22 -> 0 | Y22: =W22*$D22 -> 0 | Z22: ='Setoran 1'!J22 -> 0 | AA22: =Z22*$C22 -> 0 | AB22: =Z22*$D22 -> 0 | AC22: ='Setoran 1'!K22 -> 0 | AD22: =AC22*$C22 -> 0 | AE22: =AC22*$D22 -> 0 | AF22: ='Setoran 1'!L22 -> 0 | AG22: =AF22*$C22 -> 0 | AH22: =AF22*$D22 -> 0 | AI22: ='Setoran 1'!M22 -> 0 | AJ22: =AI22*$C22 -> 0 | AK22: =AI22*$D22 -> 0 | AL22: ='Setoran 1'!N22 -> 0 | AM22: =AL22*$C22 -> 0 | AN22: =AL22*$D22 -> 0 | AO22: ='Setoran 1'!O22 -> 0 | AP22: =AO22*$C22 -> 0 | AQ22: =AO22*$D22 -> 0 | AR22: ='Setoran 1'!P22 -> 0 | AS22: =AR22*$C22 -> 0 | AT22: =AR22*$D22 -> 0 | AU22: ='Setoran 1'!Q22 -> 0 | AV22: =AU22*$C22 -> 0 | AW22: =AU22*$D22 -> 0 | AX22: =SUM(E22,H22,K22,N22,Q22,T22,W22,Z22,AC22,AF22,AI22,AL22,AO22,AR22,AU22) -> 3.84 | AY22: =SUM(F22,I22,L22,O22,R22,U22,X22,AA22,AD22,,AG22,AJ22,AM22,AP22,AS22,AV22) -> 3456 | AZ22: =SUM(G22,J22,M22,P22,S22,V22,Y22,AB22,AE22,AH22,AK22,AN22,AQ22,AT22,AW22) -> 3840 | BA22: =AZ22-AY22 -> 384
A23: 8 | B23: PP Emberan warna | C23: ='Data '!C22 -> 900 | D23: ='Data '!D22 -> 1000 | E23: ='Setoran 1'!C23 -> 0 | F23: =E23*C23 -> 0 | G23: =E23*D23 -> 0 | H23: ='Setoran 1'!D23 -> 0 | I23: =H23*$C23 -> 0 | J23: =H23*$D23 -> 0 | K23: ='Setoran 1'!E23 -> 0 | L23: =K23*$C23 -> 0 | M23: =K23*$D23 -> 0 | N23: ='Setoran 1'!F23 -> 0.17 | O23: =N23*$C23 -> 153 | P23: =N23*$D23 -> 170 | Q23: ='Setoran 1'!G23 -> 0 | R23: =Q23*$C23 -> 0 | S23: =Q23*$D23 -> 0 | T23: ='Setoran 1'!H23 -> 0 | U23: =T23*$C23 -> 0 | V23: =T23*$D23 -> 0 | W23: ='Setoran 1'!I23 -> 0.7 | X23: =W23*$C23 -> 630 | Y23: =W23*$D23 -> 700 | Z23: ='Setoran 1'!J23 -> 0 | AA23: =Z23*$C23 -> 0 | AB23: =Z23*$D23 -> 0 | AC23: ='Setoran 1'!K23 -> 0 | AD23: =AC23*$C23 -> 0 | AE23: =AC23*$D23 -> 0 | AF23: ='Setoran 1'!L23 -> 0 | AG23: =AF23*$C23 -> 0 | AH23: =AF23*$D23 -> 0 | AI23: ='Setoran 1'!M23 -> 0 | AJ23: =AI23*$C23 -> 0 | AK23: =AI23*$D23 -> 0 | AL23: ='Setoran 1'!N23 -> 0 | AM23: =AL23*$C23 -> 0 | AN23: =AL23*$D23 -> 0 | AO23: ='Setoran 1'!O23 -> 0 | AP23: =AO23*$C23 -> 0 | AQ23: =AO23*$D23 -> 0 | AR23: ='Setoran 1'!P23 -> 0 | AS23: =AR23*$C23 -> 0 | AT23: =AR23*$D23 -> 0 | AU23: ='Setoran 1'!Q23 -> 0 | AV23: =AU23*$C23 -> 0 | AW23: =AU23*$D23 -> 0 | AX23: =SUM(E23,H23,K23,N23,Q23,T23,W23,Z23,AC23,AF23,AI23,AL23,AO23,AR23,AU23) -> 0.87 | AY23: =SUM(F23,I23,L23,O23,R23,U23,X23,AA23,AD23,,AG23,AJ23,AM23,AP23,AS23,AV23) -> 783 | AZ23: =SUM(G23,J23,M23,P23,S23,V23,Y23,AB23,AE23,AH23,AK23,AN23,AQ23,AT23,AW23) -> 870 | BA23: =AZ23-AY23 -> 87
A24: 9 | B24: PP Emberan Hitam | C24: ='Data '!C23 -> 900 | D24: ='Data '!D23 -> 1000 | E24: ='Setoran 1'!C24 -> 0 | F24: =E24*C24 -> 0 | G24: =E24*D24 -> 0 | H24: ='Setoran 1'!D24 -> 0 | I24: =H24*$C24 -> 0 | J24: =H24*$D24 -> 0 | K24: ='Setoran 1'!E24 -> 0 | L24: =K24*$C24 -> 0 | M24: =K24*$D24 -> 0 | N24: ='Setoran 1'!F24 -> 0 | O24: =N24*$C24 -> 0 | P24: =N24*$D24 -> 0 | Q24: ='Setoran 1'!G24 -> 0 | R24: =Q24*$C24 -> 0 | S24: =Q24*$D24 -> 0 | T24: ='Setoran 1'!H24 -> 0 | U24: =T24*$C24 -> 0 | V24: =T24*$D24 -> 0 | W24: ='Setoran 1'!I24 -> 0 | X24: =W24*$C24 -> 0 | Y24: =W24*$D24 -> 0 | Z24: ='Setoran 1'!J24 -> 0 | AA24: =Z24*$C24 -> 0 | AB24: =Z24*$D24 -> 0 | AC24: ='Setoran 1'!K24 -> 0 | AD24: =AC24*$C24 -> 0 | AE24: =AC24*$D24 -> 0 | AF24: ='Setoran 1'!L24 -> 0 | AG24: =AF24*$C24 -> 0 | AH24: =AF24*$D24 -> 0 | AI24: ='Setoran 1'!M24 -> 0 | AJ24: =AI24*$C24 -> 0 | AK24: =AI24*$D24 -> 0 | AL24: ='Setoran 1'!N24 -> 0 | AM24: =AL24*$C24 -> 0 | AN24: =AL24*$D24 -> 0 | AO24: ='Setoran 1'!O24 -> 0 | AP24: =AO24*$C24 -> 0 | AQ24: =AO24*$D24 -> 0 | AR24: ='Setoran 1'!P24 -> 0 | AS24: =AR24*$C24 -> 0 | AT24: =AR24*$D24 -> 0 | AU24: ='Setoran 1'!Q24 -> 0 | AV24: =AU24*$C24 -> 0 | AW24: =AU24*$D24 -> 0 | AX24: =SUM(E24,H24,K24,N24,Q24,T24,W24,Z24,AC24,AF24,AI24,AL24,AO24,AR24,AU24) -> 0 | AY24: =SUM(F24,I24,L24,O24,R24,U24,X24,AA24,AD24,,AG24,AJ24,AM24,AP24,AS24,AV24) -> 0 | AZ24: =SUM(G24,J24,M24,P24,S24,V24,Y24,AB24,AE24,AH24,AK24,AN24,AQ24,AT24,AW24) -> 0 | BA24: =AZ24-AY24 -> 0
A25: 10 | B25: PC Galon UTUH / BIJI | C25: ='Data '!C24 -> 1300 | D25: ='Data '!D24 -> 1500 | E25: ='Setoran 1'!C25 -> 0 | F25: =E25*C25 -> 0 | G25: =E25*D25 -> 0 | H25: ='Setoran 1'!D25 -> 0 | I25: =H25*$C25 -> 0 | J25: =H25*$D25 -> 0 | K25: ='Setoran 1'!E25 -> 0 | L25: =K25*$C25 -> 0 | M25: =K25*$D25 -> 0 | N25: ='Setoran 1'!F25 -> 0 | O25: =N25*$C25 -> 0 | P25: =N25*$D25 -> 0 | Q25: ='Setoran 1'!G25 -> 0 | R25: =Q25*$C25 -> 0 | S25: =Q25*$D25 -> 0 | T25: ='Setoran 1'!H25 -> 0 | U25: =T25*$C25 -> 0 | V25: =T25*$D25 -> 0 | W25: ='Setoran 1'!I25 -> 0 | X25: =W25*$C25 -> 0 | Y25: =W25*$D25 -> 0 | Z25: ='Setoran 1'!J25 -> 0 | AA25: =Z25*$C25 -> 0 | AB25: =Z25*$D25 -> 0 | AC25: ='Setoran 1'!K25 -> 0 | AD25: =AC25*$C25 -> 0 | AE25: =AC25*$D25 -> 0 | AF25: ='Setoran 1'!L25 -> 0 | AG25: =AF25*$C25 -> 0 | AH25: =AF25*$D25 -> 0 | AI25: ='Setoran 1'!M25 -> 0 | AJ25: =AI25*$C25 -> 0 | AK25: =AI25*$D25 -> 0 | AL25: ='Setoran 1'!N25 -> 0 | AM25: =AL25*$C25 -> 0 | AN25: =AL25*$D25 -> 0 | AO25: ='Setoran 1'!O25 -> 0 | AP25: =AO25*$C25 -> 0 | AQ25: =AO25*$D25 -> 0 | AR25: ='Setoran 1'!P25 -> 0 | AS25: =AR25*$C25 -> 0 | AT25: =AR25*$D25 -> 0 | AU25: ='Setoran 1'!Q25 -> 0 | AV25: =AU25*$C25 -> 0 | AW25: =AU25*$D25 -> 0 | AX25: =SUM(E25,H25,K25,N25,Q25,T25,W25,Z25,AC25,AF25,AI25,AL25,AO25,AR25,AU25) -> 0 | AY25: =SUM(F25,I25,L25,O25,R25,U25,X25,AA25,AD25,,AG25,AJ25,AM25,AP25,AS25,AV25) -> 0 | AZ25: =SUM(G25,J25,M25,P25,S25,V25,Y25,AB25,AE25,AH25,AK25,AN25,AQ25,AT25,AW25) -> 0 | BA25: =AZ25-AY25 -> 0
A26: 11 | B26: PC Galon PECAH / KG | C26: ='Data '!C25 -> 800 | D26: ='Data '!D25 -> 1000 | E26: ='Setoran 1'!C26 -> 0 | F26: =E26*C26 -> 0 | G26: =E26*D26 -> 0 | H26: ='Setoran 1'!D26 -> 0 | I26: =H26*$C26 -> 0 | J26: =H26*$D26 -> 0 | K26: ='Setoran 1'!E26 -> 0 | L26: =K26*$C26 -> 0 | M26: =K26*$D26 -> 0 | N26: ='Setoran 1'!F26 -> 0 | O26: =N26*$C26 -> 0 | P26: =N26*$D26 -> 0 | Q26: ='Setoran 1'!G26 -> 0 | R26: =Q26*$C26 -> 0 | S26: =Q26*$D26 -> 0 | T26: ='Setoran 1'!H26 -> 0 | U26: =T26*$C26 -> 0 | V26: =T26*$D26 -> 0 | W26: ='Setoran 1'!I26 -> 0 | X26: =W26*$C26 -> 0 | Y26: =W26*$D26 -> 0 | Z26: ='Setoran 1'!J26 -> 0 | AA26: =Z26*$C26 -> 0 | AB26: =Z26*$D26 -> 0 | AC26: ='Setoran 1'!K26 -> 0 | AD26: =AC26*$C26 -> 0 | AE26: =AC26*$D26 -> 0 | AF26: ='Setoran 1'!L26 -> 0 | AG26: =AF26*$C26 -> 0 | AH26: =AF26*$D26 -> 0 | AI26: ='Setoran 1'!M26 -> 0 | AJ26: =AI26*$C26 -> 0 | AK26: =AI26*$D26 -> 0 | AL26: ='Setoran 1'!N26 -> 0 | AM26: =AL26*$C26 -> 0 | AN26: =AL26*$D26 -> 0 | AO26: ='Setoran 1'!O26 -> 0 | AP26: =AO26*$C26 -> 0 | AQ26: =AO26*$D26 -> 0 | AR26: ='Setoran 1'!P26 -> 0 | AS26: =AR26*$C26 -> 0 | AT26: =AR26*$D26 -> 0 | AU26: ='Setoran 1'!Q26 -> 0 | AV26: =AU26*$C26 -> 0 | AW26: =AU26*$D26 -> 0 | AX26: =SUM(E26,H26,K26,N26,Q26,T26,W26,Z26,AC26,AF26,AI26,AL26,AO26,AR26,AU26) -> 0 | AY26: =SUM(F26,I26,L26,O26,R26,U26,X26,AA26,AD26,,AG26,AJ26,AM26,AP26,AS26,AV26) -> 0 | AZ26: =SUM(G26,J26,M26,P26,S26,V26,Y26,AB26,AE26,AH26,AK26,AN26,AQ26,AT26,AW26) -> 0 | BA26: =AZ26-AY26 -> 0
A27: GELASAN
A28: 1 | B28: Aqua Gelas Kotor | C28: ='Data '!C26 -> 1100 | D28: ='Data '!D26 -> 1200 | E28: ='Setoran 1'!C28 -> 0 | F28: =E28*C28 -> 0 | G28: =E28*D28 -> 0 | H28: ='Setoran 1'!D28 -> 0 | I28: =H28*$C28 -> 0 | J28: =H28*$D28 -> 0 | K28: ='Setoran 1'!E28 -> 0 | L28: =K28*$C28 -> 0 | M28: =K28*$D28 -> 0 | N28: ='Setoran 1'!F28 -> 0 | O28: =N28*$C28 -> 0 | P28: =N28*$D28 -> 0 | Q28: ='Setoran 1'!G28 -> 0 | R28: =Q28*$C28 -> 0 | S28: =Q28*$D28 -> 0 | T28: ='Setoran 1'!H28 -> 0 | U28: =T28*$C28 -> 0 | V28: =T28*$D28 -> 0 | W28: ='Setoran 1'!I28 -> 0 | X28: =W28*$C28 -> 0 | Y28: =W28*$D28 -> 0 | Z28: ='Setoran 1'!J28 -> 0 | AA28: =Z28*$C28 -> 0 | AB28: =Z28*$D28 -> 0 | AC28: ='Setoran 1'!K28 -> 0 | AD28: =AC28*$C28 -> 0 | AE28: =AC28*$D28 -> 0 | AF28: ='Setoran 1'!L28 -> 0 | AG28: =AF28*$C28 -> 0 | AH28: =AF28*$D28 -> 0 | AI28: ='Setoran 1'!M28 -> 0 | AJ28: =AI28*$C28 -> 0 | AK28: =AI28*$D28 -> 0 | AL28: ='Setoran 1'!N28 -> 0 | AM28: =AL28*$C28 -> 0 | AN28: =AL28*$D28 -> 0 | AO28: ='Setoran 1'!O28 -> 0 | AP28: =AO28*$C28 -> 0 | AQ28: =AO28*$D28 -> 0 | AR28: ='Setoran 1'!P28 -> 0 | AS28: =AR28*$C28 -> 0 | AT28: =AR28*$D28 -> 0 | AU28: ='Setoran 1'!Q28 -> 0 | AV28: =AU28*$C28 -> 0 | AW28: =AU28*$D28 -> 0 | AX28: =SUM(E28,H28,K28,N28,Q28,T28,W28,Z28,AC28,AF28,AI28,AL28,AO28,AR28,AU28) -> 0 | AY28: =SUM(F28,I28,L28,O28,R28,U28,X28,AA28,AD28,,AG28,AJ28,AM28,AP28,AS28,AV28) -> 0 | AZ28: =SUM(G28,J28,M28,P28,S28,V28,Y28,AB28,AE28,AH28,AK28,AN28,AQ28,AT28,AW28) -> 0 | BA28: =AZ28-AY28 -> 0
A29: 2 | B29: Aqua Gelas Bersih | C29: ='Data '!C27 -> 1900 | D29: ='Data '!D27 -> 2000 | E29: ='Setoran 1'!C29 -> 0 | F29: =E29*C29 -> 0 | G29: =E29*D29 -> 0 | H29: ='Setoran 1'!D29 -> 0 | I29: =H29*$C29 -> 0 | J29: =H29*$D29 -> 0 | K29: ='Setoran 1'!E29 -> 0 | L29: =K29*$C29 -> 0 | M29: =K29*$D29 -> 0 | N29: ='Setoran 1'!F29 -> 0 | O29: =N29*$C29 -> 0 | P29: =N29*$D29 -> 0 | Q29: ='Setoran 1'!G29 -> 0 | R29: =Q29*$C29 -> 0 | S29: =Q29*$D29 -> 0 | T29: ='Setoran 1'!H29 -> 0 | U29: =T29*$C29 -> 0 | V29: =T29*$D29 -> 0 | W29: ='Setoran 1'!I29 -> 0 | X29: =W29*$C29 -> 0 | Y29: =W29*$D29 -> 0 | Z29: ='Setoran 1'!J29 -> 0 | AA29: =Z29*$C29 -> 0 | AB29: =Z29*$D29 -> 0 | AC29: ='Setoran 1'!K29 -> 0 | AD29: =AC29*$C29 -> 0 | AE29: =AC29*$D29 -> 0 | AF29: ='Setoran 1'!L29 -> 0 | AG29: =AF29*$C29 -> 0 | AH29: =AF29*$D29 -> 0 | AI29: ='Setoran 1'!M29 -> 0 | AJ29: =AI29*$C29 -> 0 | AK29: =AI29*$D29 -> 0 | AL29: ='Setoran 1'!N29 -> 0 | AM29: =AL29*$C29 -> 0 | AN29: =AL29*$D29 -> 0 | AO29: ='Setoran 1'!O29 -> 0 | AP29: =AO29*$C29 -> 0 | AQ29: =AO29*$D29 -> 0 | AR29: ='Setoran 1'!P29 -> 0 | AS29: =AR29*$C29 -> 0 | AT29: =AR29*$D29 -> 0 | AU29: ='Setoran 1'!Q29 -> 0 | AV29: =AU29*$C29 -> 0 | AW29: =AU29*$D29 -> 0 | AX29: =SUM(E29,H29,K29,N29,Q29,T29,W29,Z29,AC29,AF29,AI29,AL29,AO29,AR29,AU29) -> 0 | AY29: =SUM(F29,I29,L29,O29,R29,U29,X29,AA29,AD29,,AG29,AJ29,AM29,AP29,AS29,AV29) -> 0 | AZ29: =SUM(G29,J29,M29,P29,S29,V29,Y29,AB29,AE29,AH29,AK29,AN29,AQ29,AT29,AW29) -> 0 | BA29: =AZ29-AY29 -> 0
A30: 3 | B30: Mountea/Sablon | C30: ='Data '!C28 -> 900 | D30: ='Data '!D28 -> 1000 | E30: ='Setoran 1'!C30 -> 0 | F30: =E30*C30 -> 0 | G30: =E30*D30 -> 0 | H30: ='Setoran 1'!D30 -> 0 | I30: =H30*$C30 -> 0 | J30: =H30*$D30 -> 0 | K30: ='Setoran 1'!E30 -> 0 | L30: =K30*$C30 -> 0 | M30: =K30*$D30 -> 0 | N30: ='Setoran 1'!F30 -> 0 | O30: =N30*$C30 -> 0 | P30: =N30*$D30 -> 0 | Q30: ='Setoran 1'!G30 -> 0 | R30: =Q30*$C30 -> 0 | S30: =Q30*$D30 -> 0 | T30: ='Setoran 1'!H30 -> 0 | U30: =T30*$C30 -> 0 | V30: =T30*$D30 -> 0 | W30: ='Setoran 1'!I30 -> 0 | X30: =W30*$C30 -> 0 | Y30: =W30*$D30 -> 0 | Z30: ='Setoran 1'!J30 -> 0 | AA30: =Z30*$C30 -> 0 | AB30: =Z30*$D30 -> 0 | AC30: ='Setoran 1'!K30 -> 0 | AD30: =AC30*$C30 -> 0 | AE30: =AC30*$D30 -> 0 | AF30: ='Setoran 1'!L30 -> 0 | AG30: =AF30*$C30 -> 0 | AH30: =AF30*$D30 -> 0 | AI30: ='Setoran 1'!M30 -> 0 | AJ30: =AI30*$C30 -> 0 | AK30: =AI30*$D30 -> 0 | AL30: ='Setoran 1'!N30 -> 0 | AM30: =AL30*$C30 -> 0 | AN30: =AL30*$D30 -> 0 | AO30: ='Setoran 1'!O30 -> 0 | AP30: =AO30*$C30 -> 0 | AQ30: =AO30*$D30 -> 0 | AR30: ='Setoran 1'!P30 -> 0 | AS30: =AR30*$C30 -> 0 | AT30: =AR30*$D30 -> 0 | AU30: ='Setoran 1'!Q30 -> 0 | AV30: =AU30*$C30 -> 0 | AW30: =AU30*$D30 -> 0 | AX30: =SUM(E30,H30,K30,N30,Q30,T30,W30,Z30,AC30,AF30,AI30,AL30,AO30,AR30,AU30) -> 0 | AY30: =SUM(F30,I30,L30,O30,R30,U30,X30,AA30,AD30,,AG30,AJ30,AM30,AP30,AS30,AV30) -> 0 | AZ30: =SUM(G30,J30,M30,P30,S30,V30,Y30,AB30,AE30,AH30,AK30,AN30,AQ30,AT30,AW30) -> 0 | BA30: =AZ30-AY30 -> 0
A31: PLASTIK FLEKSIBEL / LEMBARAN
A32: 1 | B32: Plastik Bening PE & PP | C32: ='Data '!C29 -> 400 | D32: ='Data '!D29 -> 500 | E32: ='Setoran 1'!C32 -> 0 | F32: =E32*C32 -> 0 | G32: =E32*D32 -> 0 | H32: ='Setoran 1'!D32 -> 0 | I32: =H32*$C32 -> 0 | J32: =H32*$D32 -> 0 | K32: ='Setoran 1'!E32 -> 0 | L32: =K32*$C32 -> 0 | M32: =K32*$D32 -> 0 | N32: ='Setoran 1'!F32 -> 0 | O32: =N32*$C32 -> 0 | P32: =N32*$D32 -> 0 | Q32: ='Setoran 1'!G32 -> 0 | R32: =Q32*$C32 -> 0 | S32: =Q32*$D32 -> 0 | T32: ='Setoran 1'!H32 -> 1.07 | U32: =T32*$C32 -> 428 | V32: =T32*$D32 -> 535 | W32: ='Setoran 1'!I32 -> 0 | X32: =W32*$C32 -> 0 | Y32: =W32*$D32 -> 0 | Z32: ='Setoran 1'!J32 -> 0 | AA32: =Z32*$C32 -> 0 | AB32: =Z32*$D32 -> 0 | AC32: ='Setoran 1'!K32 -> 3.5 | AD32: =AC32*$C32 -> 1400 | AE32: =AC32*$D32 -> 1750 | AF32: ='Setoran 1'!L32 -> 0 | AG32: =AF32*$C32 -> 0 | AH32: =AF32*$D32 -> 0 | AI32: ='Setoran 1'!M32 -> 0 | AJ32: =AI32*$C32 -> 0 | AK32: =AI32*$D32 -> 0 | AL32: ='Setoran 1'!N32 -> 0 | AM32: =AL32*$C32 -> 0 | AN32: =AL32*$D32 -> 0 | AO32: ='Setoran 1'!O32 -> 0 | AP32: =AO32*$C32 -> 0 | AQ32: =AO32*$D32 -> 0 | AR32: ='Setoran 1'!P32 -> 0 | AS32: =AR32*$C32 -> 0 | AT32: =AR32*$D32 -> 0 | AU32: ='Setoran 1'!Q32 -> 0 | AV32: =AU32*$C32 -> 0 | AW32: =AU32*$D32 -> 0 | AX32: =SUM(E32,H32,K32,N32,Q32,T32,W32,Z32,AC32,AF32,AI32,AL32,AO32,AR32,AU32) -> 4.57 | AY32: =SUM(F32,I32,L32,O32,R32,U32,X32,AA32,AD32,,AG32,AJ32,AM32,AP32,AS32,AV32) -> 1828 | AZ32: =SUM(G32,J32,M32,P32,S32,V32,Y32,AB32,AE32,AH32,AK32,AN32,AQ32,AT32,AW32) -> 2285 | BA32: =AZ32-AY32 -> 457
A33: 2 | B33: HD Kresek | C33: ='Data '!C30 -> 50 | D33: ='Data '!D30 -> 100 | E33: ='Setoran 1'!C33 -> 0 | F33: =E33*C33 -> 0 | G33: =E33*D33 -> 0 | H33: ='Setoran 1'!D33 -> 1.2 | I33: =H33*$C33 -> 60 | J33: =H33*$D33 -> 120 | K33: ='Setoran 1'!E33 -> 0 | L33: =K33*$C33 -> 0 | M33: =K33*$D33 -> 0 | N33: ='Setoran 1'!F33 -> 0 | O33: =N33*$C33 -> 0 | P33: =N33*$D33 -> 0 | Q33: ='Setoran 1'!G33 -> 4.4 | R33: =Q33*$C33 -> 220 | S33: =Q33*$D33 -> 440 | T33: ='Setoran 1'!H33 -> 0.62 | U33: =T33*$C33 -> 31 | V33: =T33*$D33 -> 62 | W33: ='Setoran 1'!I33 -> 0 | X33: =W33*$C33 -> 0 | Y33: =W33*$D33 -> 0 | Z33: ='Setoran 1'!J33 -> 0 | AA33: =Z33*$C33 -> 0 | AB33: =Z33*$D33 -> 0 | AC33: ='Setoran 1'!K33 -> 0 | AD33: =AC33*$C33 -> 0 | AE33: =AC33*$D33 -> 0 | AF33: ='Setoran 1'!L33 -> 0 | AG33: =AF33*$C33 -> 0 | AH33: =AF33*$D33 -> 0 | AI33: ='Setoran 1'!M33 -> 0 | AJ33: =AI33*$C33 -> 0 | AK33: =AI33*$D33 -> 0 | AL33: ='Setoran 1'!N33 -> 0 | AM33: =AL33*$C33 -> 0 | AN33: =AL33*$D33 -> 0 | AO33: ='Setoran 1'!O33 -> 0 | AP33: =AO33*$C33 -> 0 | AQ33: =AO33*$D33 -> 0 | AR33: ='Setoran 1'!P33 -> 0 | AS33: =AR33*$C33 -> 0 | AT33: =AR33*$D33 -> 0 | AU33: ='Setoran 1'!Q33 -> 0 | AV33: =AU33*$C33 -> 0 | AW33: =AU33*$D33 -> 0 | AX33: =SUM(E33,H33,K33,N33,Q33,T33,W33,Z33,AC33,AF33,AI33,AL33,AO33,AR33,AU33) -> 6.22 | AY33: =SUM(F33,I33,L33,O33,R33,U33,X33,AA33,AD33,,AG33,AJ33,AM33,AP33,AS33,AV33) -> 311 | AZ33: =SUM(G33,J33,M33,P33,S33,V33,Y33,AB33,AE33,AH33,AK33,AN33,AQ33,AT33,AW33) -> 622 | BA33: =AZ33-AY33 -> 311
A34: 3 | B34: Kresek Campur | C34: ='Data '!C31 -> 50 | D34: ='Data '!D31 -> 100 | E34: ='Setoran 1'!C34 -> 4.2 | F34: =E34*C34 -> 210 | G34: =E34*D34 -> 420 | H34: ='Setoran 1'!D34 -> 0 | I34: =H34*$C34 -> 0 | J34: =H34*$D34 -> 0 | K34: ='Setoran 1'!E34 -> 0 | L34: =K34*$C34 -> 0 | M34: =K34*$D34 -> 0 | N34: ='Setoran 1'!F34 -> 0.53 | O34: =N34*$C34 -> 26.5 | P34: =N34*$D34 -> 53 | Q34: ='Setoran 1'!G34 -> 0 | R34: =Q34*$C34 -> 0 | S34: =Q34*$D34 -> 0 | T34: ='Setoran 1'!H34 -> 0.88 | U34: =T34*$C34 -> 44 | V34: =T34*$D34 -> 88 | W34: ='Setoran 1'!I34 -> 7.22 | X34: =W34*$C34 -> 361 | Y34: =W34*$D34 -> 722 | Z34: ='Setoran 1'!J34 -> 0 | AA34: =Z34*$C34 -> 0 | AB34: =Z34*$D34 -> 0 | AC34: ='Setoran 1'!K34 -> 2.93 | AD34: =AC34*$C34 -> 146.5 | AE34: =AC34*$D34 -> 293 | AF34: ='Setoran 1'!L34 -> 0.57 | AG34: =AF34*$C34 -> 28.5 | AH34: =AF34*$D34 -> 57 | AI34: ='Setoran 1'!M34 -> 0 | AJ34: =AI34*$C34 -> 0 | AK34: =AI34*$D34 -> 0 | AL34: ='Setoran 1'!N34 -> 0 | AM34: =AL34*$C34 -> 0 | AN34: =AL34*$D34 -> 0 | AO34: ='Setoran 1'!O34 -> 0 | AP34: =AO34*$C34 -> 0 | AQ34: =AO34*$D34 -> 0 | AR34: ='Setoran 1'!P34 -> 0 | AS34: =AR34*$C34 -> 0 | AT34: =AR34*$D34 -> 0 | AU34: ='Setoran 1'!Q34 -> 0 | AV34: =AU34*$C34 -> 0 | AW34: =AU34*$D34 -> 0 | AX34: =SUM(E34,H34,K34,N34,Q34,T34,W34,Z34,AC34,AF34,AI34,AL34,AO34,AR34,AU34) -> 16.33 | AY34: =SUM(F34,I34,L34,O34,R34,U34,X34,AA34,AD34,,AG34,AJ34,AM34,AP34,AS34,AV34) -> 816.5 | AZ34: =SUM(G34,J34,M34,P34,S34,V34,Y34,AB34,AE34,AH34,AK34,AN34,AQ34,AT34,AW34) -> 1633 | BA34: =AZ34-AY34 -> 816.5
A35: 4 | B35: LLDPE Pouch | C35: ='Data '!C32 -> 40 | D35: ='Data '!D32 -> 50 | E35: ='Setoran 1'!C35 -> 0 | F35: =E35*C35 -> 0 | G35: =E35*D35 -> 0 | H35: ='Setoran 1'!D35 -> 0 | I35: =H35*$C35 -> 0 | J35: =H35*$D35 -> 0 | K35: ='Setoran 1'!E35 -> 0 | L35: =K35*$C35 -> 0 | M35: =K35*$D35 -> 0 | N35: ='Setoran 1'!F35 -> 0 | O35: =N35*$C35 -> 0 | P35: =N35*$D35 -> 0 | Q35: ='Setoran 1'!G35 -> 0 | R35: =Q35*$C35 -> 0 | S35: =Q35*$D35 -> 0 | T35: ='Setoran 1'!H35 -> 0 | U35: =T35*$C35 -> 0 | V35: =T35*$D35 -> 0 | W35: ='Setoran 1'!I35 -> 0 | X35: =W35*$C35 -> 0 | Y35: =W35*$D35 -> 0 | Z35: ='Setoran 1'!J35 -> 0 | AA35: =Z35*$C35 -> 0 | AB35: =Z35*$D35 -> 0 | AC35: ='Setoran 1'!K35 -> 0 | AD35: =AC35*$C35 -> 0 | AE35: =AC35*$D35 -> 0 | AF35: ='Setoran 1'!L35 -> 0 | AG35: =AF35*$C35 -> 0 | AH35: =AF35*$D35 -> 0 | AI35: ='Setoran 1'!M35 -> 0 | AJ35: =AI35*$C35 -> 0 | AK35: =AI35*$D35 -> 0 | AL35: ='Setoran 1'!N35 -> 0 | AM35: =AL35*$C35 -> 0 | AN35: =AL35*$D35 -> 0 | AO35: ='Setoran 1'!O35 -> 0 | AP35: =AO35*$C35 -> 0 | AQ35: =AO35*$D35 -> 0 | AR35: ='Setoran 1'!P35 -> 0 | AS35: =AR35*$C35 -> 0 | AT35: =AR35*$D35 -> 0 | AU35: ='Setoran 1'!Q35 -> 0 | AV35: =AU35*$C35 -> 0 | AW35: =AU35*$D35 -> 0 | AX35: =SUM(E35,H35,K35,N35,Q35,T35,W35,Z35,AC35,AF35,AI35,AL35,AO35,AR35,AU35) -> 0 | AY35: =SUM(F35,I35,L35,O35,R35,U35,X35,AA35,AD35,,AG35,AJ35,AM35,AP35,AS35,AV35) -> 0 | AZ35: =SUM(G35,J35,M35,P35,S35,V35,Y35,AB35,AE35,AH35,AK35,AN35,AQ35,AT35,AW35) -> 0 | BA35: =AZ35-AY35 -> 0
A36: 5 | B36: PP Sablon lembaran | C36: ='Data '!C33 -> 40 | D36: ='Data '!D33 -> 50 | E36: ='Setoran 1'!C36 -> 0 | F36: =E36*C36 -> 0 | G36: =E36*D36 -> 0 | H36: ='Setoran 1'!D36 -> 0 | I36: =H36*$C36 -> 0 | J36: =H36*$D36 -> 0 | K36: ='Setoran 1'!E36 -> 0 | L36: =K36*$C36 -> 0 | M36: =K36*$D36 -> 0 | N36: ='Setoran 1'!F36 -> 0 | O36: =N36*$C36 -> 0 | P36: =N36*$D36 -> 0 | Q36: ='Setoran 1'!G36 -> 0 | R36: =Q36*$C36 -> 0 | S36: =Q36*$D36 -> 0 | T36: ='Setoran 1'!H36 -> 0 | U36: =T36*$C36 -> 0 | V36: =T36*$D36 -> 0 | W36: ='Setoran 1'!I36 -> 0 | X36: =W36*$C36 -> 0 | Y36: =W36*$D36 -> 0 | Z36: ='Setoran 1'!J36 -> 0 | AA36: =Z36*$C36 -> 0 | AB36: =Z36*$D36 -> 0 | AC36: ='Setoran 1'!K36 -> 0 | AD36: =AC36*$C36 -> 0 | AE36: =AC36*$D36 -> 0 | AF36: ='Setoran 1'!L36 -> 0 | AG36: =AF36*$C36 -> 0 | AH36: =AF36*$D36 -> 0 | AI36: ='Setoran 1'!M36 -> 0 | AJ36: =AI36*$C36 -> 0 | AK36: =AI36*$D36 -> 0 | AL36: ='Setoran 1'!N36 -> 0 | AM36: =AL36*$C36 -> 0 | AN36: =AL36*$D36 -> 0 | AO36: ='Setoran 1'!O36 -> 0 | AP36: =AO36*$C36 -> 0 | AQ36: =AO36*$D36 -> 0 | AR36: ='Setoran 1'!P36 -> 0 | AS36: =AR36*$C36 -> 0 | AT36: =AR36*$D36 -> 0 | AU36: ='Setoran 1'!Q36 -> 0 | AV36: =AU36*$C36 -> 0 | AW36: =AU36*$D36 -> 0 | AX36: =SUM(E36,H36,K36,N36,Q36,T36,W36,Z36,AC36,AF36,AI36,AL36,AO36,AR36,AU36) -> 0 | AY36: =SUM(F36,I36,L36,O36,R36,U36,X36,AA36,AD36,,AG36,AJ36,AM36,AP36,AS36,AV36) -> 0 | AZ36: =SUM(G36,J36,M36,P36,S36,V36,Y36,AB36,AE36,AH36,AK36,AN36,AQ36,AT36,AW36) -> 0 | BA36: =AZ36-AY36 -> 0
A37: 6 | B37: Multi Layer | C37: ='Data '!C34 -> 250 | D37: ='Data '!D34 -> 300 | E37: ='Setoran 1'!C37 -> 0 | F37: =E37*C37 -> 0 | G37: =E37*D37 -> 0 | H37: ='Setoran 1'!D37 -> 0 | I37: =H37*$C37 -> 0 | J37: =H37*$D37 -> 0 | K37: ='Setoran 1'!E37 -> 0 | L37: =K37*$C37 -> 0 | M37: =K37*$D37 -> 0 | N37: ='Setoran 1'!F37 -> 0.25 | O37: =N37*$C37 -> 62.5 | P37: =N37*$D37 -> 75 | Q37: ='Setoran 1'!G37 -> 0 | R37: =Q37*$C37 -> 0 | S37: =Q37*$D37 -> 0 | T37: ='Setoran 1'!H37 -> 0.77 | U37: =T37*$C37 -> 192.5 | V37: =T37*$D37 -> 231 | W37: ='Setoran 1'!I37 -> 0.58 | X37: =W37*$C37 -> 145 | Y37: =W37*$D37 -> 174 | Z37: ='Setoran 1'!J37 -> 0 | AA37: =Z37*$C37 -> 0 | AB37: =Z37*$D37 -> 0 | AC37: ='Setoran 1'!K37 -> 0.75 | AD37: =AC37*$C37 -> 187.5 | AE37: =AC37*$D37 -> 225 | AF37: ='Setoran 1'!L37 -> 0 | AG37: =AF37*$C37 -> 0 | AH37: =AF37*$D37 -> 0 | AI37: ='Setoran 1'!M37 -> 0 | AJ37: =AI37*$C37 -> 0 | AK37: =AI37*$D37 -> 0 | AL37: ='Setoran 1'!N37 -> 0 | AM37: =AL37*$C37 -> 0 | AN37: =AL37*$D37 -> 0 | AO37: ='Setoran 1'!O37 -> 0 | AP37: =AO37*$C37 -> 0 | AQ37: =AO37*$D37 -> 0 | AR37: ='Setoran 1'!P37 -> 0 | AS37: =AR37*$C37 -> 0 | AT37: =AR37*$D37 -> 0 | AU37: ='Setoran 1'!Q37 -> 0 | AV37: =AU37*$C37 -> 0 | AW37: =AU37*$D37 -> 0 | AX37: =SUM(E37,H37,K37,N37,Q37,T37,W37,Z37,AC37,AF37,AI37,AL37,AO37,AR37,AU37) -> 2.35 | AY37: =SUM(F37,I37,L37,O37,R37,U37,X37,AA37,AD37,,AG37,AJ37,AM37,AP37,AS37,AV37) -> 587.5 | AZ37: =SUM(G37,J37,M37,P37,S37,V37,Y37,AB37,AE37,AH37,AK37,AN37,AQ37,AT37,AW37) -> 705 | BA37: =AZ37-AY37 -> 117.5
A38: KERASAN
A39: 1 | B39: Kerasan / PS/ ABS | C39: ='Data '!C35 -> 75 | D39: ='Data '!D35 -> 100 | E39: ='Setoran 1'!C39 -> 7.6 | F39: =E39*C39 -> 570 | G39: =E39*D39 -> 760 | H39: ='Setoran 1'!D39 -> 0 | I39: =H39*$C39 -> 0 | J39: =H39*$D39 -> 0 | K39: ='Setoran 1'!E39 -> 0 | L39: =K39*$C39 -> 0 | M39: =K39*$D39 -> 0 | N39: ='Setoran 1'!F39 -> 0 | O39: =N39*$C39 -> 0 | P39: =N39*$D39 -> 0 | Q39: ='Setoran 1'!G39 -> 1.1 | R39: =Q39*$C39 -> 82.5 | S39: =Q39*$D39 -> 110 | T39: ='Setoran 1'!H39 -> 1.37 | U39: =T39*$C39 -> 102.75 | V39: =T39*$D39 -> 137 | W39: ='Setoran 1'!I39 -> 0 | X39: =W39*$C39 -> 0 | Y39: =W39*$D39 -> 0 | Z39: ='Setoran 1'!J39 -> 0 | AA39: =Z39*$C39 -> 0 | AB39: =Z39*$D39 -> 0 | AC39: ='Setoran 1'!K39 -> 4.32 | AD39: =AC39*$C39 -> 324 | AE39: =AC39*$D39 -> 432 | AF39: ='Setoran 1'!L39 -> 0.22 | AG39: =AF39*$C39 -> 16.5 | AH39: =AF39*$D39 -> 22 | AI39: ='Setoran 1'!M39 -> 0 | AJ39: =AI39*$C39 -> 0 | AK39: =AI39*$D39 -> 0 | AL39: ='Setoran 1'!N39 -> 0 | AM39: =AL39*$C39 -> 0 | AN39: =AL39*$D39 -> 0 | AO39: ='Setoran 1'!O39 -> 0 | AP39: =AO39*$C39 -> 0 | AQ39: =AO39*$D39 -> 0 | AR39: ='Setoran 1'!P39 -> 0 | AS39: =AR39*$C39 -> 0 | AT39: =AR39*$D39 -> 0 | AU39: ='Setoran 1'!Q39 -> 0 | AV39: =AU39*$C39 -> 0 | AW39: =AU39*$D39 -> 0 | AX39: =SUM(E39,H39,K39,N39,Q39,T39,W39,Z39,AC39,AF39,AI39,AL39,AO39,AR39,AU39) -> 14.61 | AY39: =SUM(F39,I39,L39,O39,R39,U39,X39,AA39,AD39,,AG39,AJ39,AM39,AP39,AS39,AV39) -> 1095.75 | AZ39: =SUM(G39,J39,M39,P39,S39,V39,Y39,AB39,AE39,AH39,AK39,AN39,AQ39,AT39,AW39) -> 1461 | BA39: =AZ39-AY39 -> 365.25
A40: 2 | B40: PVC | C40: ='Data '!C36 -> 50 | D40: ='Data '!D36 -> 100 | E40: ='Setoran 1'!C40 -> 0 | F40: =E40*C40 -> 0 | G40: =E40*D40 -> 0 | H40: ='Setoran 1'!D40 -> 0 | I40: =H40*$C40 -> 0 | J40: =H40*$D40 -> 0 | K40: ='Setoran 1'!E40 -> 0 | L40: =K40*$C40 -> 0 | M40: =K40*$D40 -> 0 | N40: ='Setoran 1'!F40 -> 0 | O40: =N40*$C40 -> 0 | P40: =N40*$D40 -> 0 | Q40: ='Setoran 1'!G40 -> 0 | R40: =Q40*$C40 -> 0 | S40: =Q40*$D40 -> 0 | T40: ='Setoran 1'!H40 -> 0 | U40: =T40*$C40 -> 0 | V40: =T40*$D40 -> 0 | W40: ='Setoran 1'!I40 -> 0 | X40: =W40*$C40 -> 0 | Y40: =W40*$D40 -> 0 | Z40: ='Setoran 1'!J40 -> 0 | AA40: =Z40*$C40 -> 0 | AB40: =Z40*$D40 -> 0 | AC40: ='Setoran 1'!K40 -> 0 | AD40: =AC40*$C40 -> 0 | AE40: =AC40*$D40 -> 0 | AF40: ='Setoran 1'!L40 -> 0 | AG40: =AF40*$C40 -> 0 | AH40: =AF40*$D40 -> 0 | AI40: ='Setoran 1'!M40 -> 0 | AJ40: =AI40*$C40 -> 0 | AK40: =AI40*$D40 -> 0 | AL40: ='Setoran 1'!N40 -> 0 | AM40: =AL40*$C40 -> 0 | AN40: =AL40*$D40 -> 0 | AO40: ='Setoran 1'!O40 -> 0 | AP40: =AO40*$C40 -> 0 | AQ40: =AO40*$D40 -> 0 | AR40: ='Setoran 1'!P40 -> 0 | AS40: =AR40*$C40 -> 0 | AT40: =AR40*$D40 -> 0 | AU40: ='Setoran 1'!Q40 -> 0 | AV40: =AU40*$C40 -> 0 | AW40: =AU40*$D40 -> 0 | AX40: =SUM(E40,H40,K40,N40,Q40,T40,W40,Z40,AC40,AF40,AI40,AL40,AO40,AR40,AU40) -> 0 | AY40: =SUM(F40,I40,L40,O40,R40,U40,X40,AA40,AD40,,AG40,AJ40,AM40,AP40,AS40,AV40) -> 0 | AZ40: =SUM(G40,J40,M40,P40,S40,V40,Y40,AB40,AE40,AH40,AK40,AN40,AQ40,AT40,AW40) -> 0 | BA40: =AZ40-AY40 -> 0
A41: KERTAS
A42: 1 | B42: Buku Tulis/Buku Pelajaran | C42: ='Data '!C38 -> 1100 | D42: ='Data '!D38 -> 1200 | E42: ='Setoran 1'!C42 -> 4.6 | F42: =E42*C42 -> 5060 | G42: =E42*D42 -> 5520 | H42: ='Setoran 1'!D42 -> 0 | I42: =H42*$C42 -> 0 | J42: =H42*$D42 -> 0 | K42: ='Setoran 1'!E42 -> 25.6 | L42: =K42*$C42 -> 28160 | M42: =K42*$D42 -> 30720 | N42: ='Setoran 1'!F42 -> 0.7 | O42: =N42*$C42 -> 770 | P42: =N42*$D42 -> 840 | Q42: ='Setoran 1'!G42 -> 0 | R42: =Q42*$C42 -> 0 | S42: =Q42*$D42 -> 0 | T42: ='Setoran 1'!H42 -> 0 | U42: =T42*$C42 -> 0 | V42: =T42*$D42 -> 0 | W42: ='Setoran 1'!I42 -> 23.6 | X42: =W42*$C42 -> 25960 | Y42: =W42*$D42 -> 28320 | Z42: ='Setoran 1'!J42 -> 0 | AA42: =Z42*$C42 -> 0 | AB42: =Z42*$D42 -> 0 | AC42: ='Setoran 1'!K42 -> 0 | AD42: =AC42*$C42 -> 0 | AE42: =AC42*$D42 -> 0 | AF42: ='Setoran 1'!L42 -> 0 | AG42: =AF42*$C42 -> 0 | AH42: =AF42*$D42 -> 0 | AI42: ='Setoran 1'!M42 -> 0 | AJ42: =AI42*$C42 -> 0 | AK42: =AI42*$D42 -> 0 | AL42: ='Setoran 1'!N42 -> 0 | AM42: =AL42*$C42 -> 0 | AN42: =AL42*$D42 -> 0 | AO42: ='Setoran 1'!O42 -> 0 | AP42: =AO42*$C42 -> 0 | AQ42: =AO42*$D42 -> 0 | AR42: ='Setoran 1'!P42 -> 0 | AS42: =AR42*$C42 -> 0 | AT42: =AR42*$D42 -> 0 | AU42: ='Setoran 1'!Q42 -> 0 | AV42: =AU42*$C42 -> 0 | AW42: =AU42*$D42 -> 0 | AX42: =SUM(E42,H42,K42,N42,Q42,T42,W42,Z42,AC42,AF42,AI42,AL42,AO42,AR42,AU42) -> 54.5 | AY42: =SUM(F42,I42,L42,O42,R42,U42,X42,AA42,AD42,,AG42,AJ42,AM42,AP42,AS42,AV42) -> 59950 | AZ42: =SUM(G42,J42,M42,P42,S42,V42,Y42,AB42,AE42,AH42,AK42,AN42,AQ42,AT42,AW42) -> 65400 | BA42: =AZ42-AY42 -> 5450
A43: 2 | B43: HVS | C43: ='Data '!C39 -> 1100 | D43: ='Data '!D39 -> 1200 | E43: ='Setoran 1'!C43 -> 0 | F43: =E43*C43 -> 0 | G43: =E43*D43 -> 0 | H43: ='Setoran 1'!D43 -> 0 | I43: =H43*$C43 -> 0 | J43: =H43*$D43 -> 0 | K43: ='Setoran 1'!E43 -> 0 | L43: =K43*$C43 -> 0 | M43: =K43*$D43 -> 0 | N43: ='Setoran 1'!F43 -> 0 | O43: =N43*$C43 -> 0 | P43: =N43*$D43 -> 0 | Q43: ='Setoran 1'!G43 -> 0 | R43: =Q43*$C43 -> 0 | S43: =Q43*$D43 -> 0 | T43: ='Setoran 1'!H43 -> 0 | U43: =T43*$C43 -> 0 | V43: =T43*$D43 -> 0 | W43: ='Setoran 1'!I43 -> 0 | X43: =W43*$C43 -> 0 | Y43: =W43*$D43 -> 0 | Z43: ='Setoran 1'!J43 -> 0 | AA43: =Z43*$C43 -> 0 | AB43: =Z43*$D43 -> 0 | AC43: ='Setoran 1'!K43 -> 0 | AD43: =AC43*$C43 -> 0 | AE43: =AC43*$D43 -> 0 | AF43: ='Setoran 1'!L43 -> 0 | AG43: =AF43*$C43 -> 0 | AH43: =AF43*$D43 -> 0 | AI43: ='Setoran 1'!M43 -> 0 | AJ43: =AI43*$C43 -> 0 | AK43: =AI43*$D43 -> 0 | AL43: ='Setoran 1'!N43 -> 0 | AM43: =AL43*$C43 -> 0 | AN43: =AL43*$D43 -> 0 | AO43: ='Setoran 1'!O43 -> 0 | AP43: =AO43*$C43 -> 0 | AQ43: =AO43*$D43 -> 0 | AR43: ='Setoran 1'!P43 -> 0 | AS43: =AR43*$C43 -> 0 | AT43: =AR43*$D43 -> 0 | AU43: ='Setoran 1'!Q43 -> 0 | AV43: =AU43*$C43 -> 0 | AW43: =AU43*$D43 -> 0 | AX43: =SUM(E43,H43,K43,N43,Q43,T43,W43,Z43,AC43,AF43,AI43,AL43,AO43,AR43,AU43) -> 0 | AY43: =SUM(F43,I43,L43,O43,R43,U43,X43,AA43,AD43,,AG43,AJ43,AM43,AP43,AS43,AV43) -> 0 | AZ43: =SUM(G43,J43,M43,P43,S43,V43,Y43,AB43,AE43,AH43,AK43,AN43,AQ43,AT43,AW43) -> 0 | BA43: =AZ43-AY43 -> 0
A44: 3 | B44: Kertas Buram/LKS/warna | C44: ='Data '!C40 -> 450 | D44: ='Data '!D40 -> 500 | E44: ='Setoran 1'!C44 -> 0 | F44: =E44*C44 -> 0 | G44: =E44*D44 -> 0 | H44: ='Setoran 1'!D44 -> 0 | I44: =H44*$C44 -> 0 | J44: =H44*$D44 -> 0 | K44: ='Setoran 1'!E44 -> 0 | L44: =K44*$C44 -> 0 | M44: =K44*$D44 -> 0 | N44: ='Setoran 1'!F44 -> 0 | O44: =N44*$C44 -> 0 | P44: =N44*$D44 -> 0 | Q44: ='Setoran 1'!G44 -> 0 | R44: =Q44*$C44 -> 0 | S44: =Q44*$D44 -> 0 | T44: ='Setoran 1'!H44 -> 0 | U44: =T44*$C44 -> 0 | V44: =T44*$D44 -> 0 | W44: ='Setoran 1'!I44 -> 0 | X44: =W44*$C44 -> 0 | Y44: =W44*$D44 -> 0 | Z44: ='Setoran 1'!J44 -> 0 | AA44: =Z44*$C44 -> 0 | AB44: =Z44*$D44 -> 0 | AC44: ='Setoran 1'!K44 -> 0 | AD44: =AC44*$C44 -> 0 | AE44: =AC44*$D44 -> 0 | AF44: ='Setoran 1'!L44 -> 0 | AG44: =AF44*$C44 -> 0 | AH44: =AF44*$D44 -> 0 | AI44: ='Setoran 1'!M44 -> 0 | AJ44: =AI44*$C44 -> 0 | AK44: =AI44*$D44 -> 0 | AL44: ='Setoran 1'!N44 -> 0 | AM44: =AL44*$C44 -> 0 | AN44: =AL44*$D44 -> 0 | AO44: ='Setoran 1'!O44 -> 0 | AP44: =AO44*$C44 -> 0 | AQ44: =AO44*$D44 -> 0 | AR44: ='Setoran 1'!P44 -> 0 | AS44: =AR44*$C44 -> 0 | AT44: =AR44*$D44 -> 0 | AU44: ='Setoran 1'!Q44 -> 0 | AV44: =AU44*$C44 -> 0 | AW44: =AU44*$D44 -> 0 | AX44: =SUM(E44,H44,K44,N44,Q44,T44,W44,Z44,AC44,AF44,AI44,AL44,AO44,AR44,AU44) -> 0 | AY44: =SUM(F44,I44,L44,O44,R44,U44,X44,AA44,AD44,,AG44,AJ44,AM44,AP44,AS44,AV44) -> 0 | AZ44: =SUM(G44,J44,M44,P44,S44,V44,Y44,AB44,AE44,AH44,AK44,AN44,AQ44,AT44,AW44) -> 0 | BA44: =AZ44-AY44 -> 0
A45: 4 | B45: Majalah | C45: ='Data '!C41 -> 400 | D45: ='Data '!D41 -> 500 | E45: ='Setoran 1'!C45 -> 0 | F45: =E45*C45 -> 0 | G45: =E45*D45 -> 0 | H45: ='Setoran 1'!D45 -> 0 | I45: =H45*$C45 -> 0 | J45: =H45*$D45 -> 0 | K45: ='Setoran 1'!E45 -> 0 | L45: =K45*$C45 -> 0 | M45: =K45*$D45 -> 0 | N45: ='Setoran 1'!F45 -> 0 | O45: =N45*$C45 -> 0 | P45: =N45*$D45 -> 0 | Q45: ='Setoran 1'!G45 -> 0 | R45: =Q45*$C45 -> 0 | S45: =Q45*$D45 -> 0 | T45: ='Setoran 1'!H45 -> 0 | U45: =T45*$C45 -> 0 | V45: =T45*$D45 -> 0 | W45: ='Setoran 1'!I45 -> 0 | X45: =W45*$C45 -> 0 | Y45: =W45*$D45 -> 0 | Z45: ='Setoran 1'!J45 -> 0 | AA45: =Z45*$C45 -> 0 | AB45: =Z45*$D45 -> 0 | AC45: ='Setoran 1'!K45 -> 0 | AD45: =AC45*$C45 -> 0 | AE45: =AC45*$D45 -> 0 | AF45: ='Setoran 1'!L45 -> 0 | AG45: =AF45*$C45 -> 0 | AH45: =AF45*$D45 -> 0 | AI45: ='Setoran 1'!M45 -> 0 | AJ45: =AI45*$C45 -> 0 | AK45: =AI45*$D45 -> 0 | AL45: ='Setoran 1'!N45 -> 0 | AM45: =AL45*$C45 -> 0 | AN45: =AL45*$D45 -> 0 | AO45: ='Setoran 1'!O45 -> 0 | AP45: =AO45*$C45 -> 0 | AQ45: =AO45*$D45 -> 0 | AR45: ='Setoran 1'!P45 -> 0 | AS45: =AR45*$C45 -> 0 | AT45: =AR45*$D45 -> 0 | AU45: ='Setoran 1'!Q45 -> 0 | AV45: =AU45*$C45 -> 0 | AW45: =AU45*$D45 -> 0 | AX45: =SUM(E45,H45,K45,N45,Q45,T45,W45,Z45,AC45,AF45,AI45,AL45,AO45,AR45,AU45) -> 0 | AY45: =SUM(F45,I45,L45,O45,R45,U45,X45,AA45,AD45,,AG45,AJ45,AM45,AP45,AS45,AV45) -> 0 | AZ45: =SUM(G45,J45,M45,P45,S45,V45,Y45,AB45,AE45,AH45,AK45,AN45,AQ45,AT45,AW45) -> 0 | BA45: =AZ45-AY45 -> 0
A46: 5 | B46: Koran | C46: 1800 | D46: ='Data '!D42 -> 2000 | E46: ='Setoran 1'!C46 -> 0 | F46: =E46*C46 -> 0 | G46: =E46*D46 -> 0 | H46: ='Setoran 1'!D46 -> 0 | I46: =H46*$C46 -> 0 | J46: =H46*$D46 -> 0 | K46: ='Setoran 1'!E46 -> 0 | L46: =K46*$C46 -> 0 | M46: =K46*$D46 -> 0 | N46: ='Setoran 1'!F46 -> 0 | O46: =N46*$C46 -> 0 | P46: =N46*$D46 -> 0 | Q46: ='Setoran 1'!G46 -> 0 | R46: =Q46*$C46 -> 0 | S46: =Q46*$D46 -> 0 | T46: ='Setoran 1'!H46 -> 0 | U46: =T46*$C46 -> 0 | V46: =T46*$D46 -> 0 | W46: ='Setoran 1'!I46 -> 0 | X46: =W46*$C46 -> 0 | Y46: =W46*$D46 -> 0 | Z46: ='Setoran 1'!J46 -> 0 | AA46: =Z46*$C46 -> 0 | AB46: =Z46*$D46 -> 0 | AC46: ='Setoran 1'!K46 -> 0 | AD46: =AC46*$C46 -> 0 | AE46: =AC46*$D46 -> 0 | AF46: ='Setoran 1'!L46 -> 0 | AG46: =AF46*$C46 -> 0 | AH46: =AF46*$D46 -> 0 | AI46: ='Setoran 1'!M46 -> 0 | AJ46: =AI46*$C46 -> 0 | AK46: =AI46*$D46 -> 0 | AL46: ='Setoran 1'!N46 -> 0 | AM46: =AL46*$C46 -> 0 | AN46: =AL46*$D46 -> 0 | AO46: ='Setoran 1'!O46 -> 0 | AP46: =AO46*$C46 -> 0 | AQ46: =AO46*$D46 -> 0 | AR46: ='Setoran 1'!P46 -> 0 | AS46: =AR46*$C46 -> 0 | AT46: =AR46*$D46 -> 0 | AU46: ='Setoran 1'!Q46 -> 0 | AV46: =AU46*$C46 -> 0 | AW46: =AU46*$D46 -> 0 | AX46: =SUM(E46,H46,K46,N46,Q46,T46,W46,Z46,AC46,AF46,AI46,AL46,AO46,AR46,AU46) -> 0 | AY46: =SUM(F46,I46,L46,O46,R46,U46,X46,AA46,AD46,,AG46,AJ46,AM46,AP46,AS46,AV46) -> 0 | AZ46: =SUM(G46,J46,M46,P46,S46,V46,Y46,AB46,AE46,AH46,AK46,AN46,AQ46,AT46,AW46) -> 0 | BA46: =AZ46-AY46 -> 0
A47: 6 | B47: Duplek | C47: ='Data '!C43 -> 75 | D47: ='Data '!D43 -> 100 | E47: ='Setoran 1'!C47 -> 2.23 | F47: =E47*C47 -> 167.25 | G47: =E47*D47 -> 223 | H47: ='Setoran 1'!D47 -> 1.69 | I47: =H47*$C47 -> 126.75 | J47: =H47*$D47 -> 169 | K47: ='Setoran 1'!E47 -> 0 | L47: =K47*$C47 -> 0 | M47: =K47*$D47 -> 0 | N47: ='Setoran 1'!F47 -> 0.75 | O47: =N47*$C47 -> 56.25 | P47: =N47*$D47 -> 75 | Q47: ='Setoran 1'!G47 -> 4.4 | R47: =Q47*$C47 -> 330 | S47: =Q47*$D47 -> 440 | T47: ='Setoran 1'!H47 -> 1.74 | U47: =T47*$C47 -> 130.5 | V47: =T47*$D47 -> 174 | W47: ='Setoran 1'!I47 -> 2.48 | X47: =W47*$C47 -> 186 | Y47: =W47*$D47 -> 248 | Z47: ='Setoran 1'!J47 -> 0.11 | AA47: =Z47*$C47 -> 8.25 | AB47: =Z47*$D47 -> 11 | AC47: ='Setoran 1'!K47 -> 5.44 | AD47: =AC47*$C47 -> 408 | AE47: =AC47*$D47 -> 544 | AF47: ='Setoran 1'!L47 -> 0.28 | AG47: =AF47*$C47 -> 21 | AH47: =AF47*$D47 -> 28 | AI47: ='Setoran 1'!M47 -> 0 | AJ47: =AI47*$C47 -> 0 | AK47: =AI47*$D47 -> 0 | AL47: ='Setoran 1'!N47 -> 0 | AM47: =AL47*$C47 -> 0 | AN47: =AL47*$D47 -> 0 | AO47: ='Setoran 1'!O47 -> 0 | AP47: =AO47*$C47 -> 0 | AQ47: =AO47*$D47 -> 0 | AR47: ='Setoran 1'!P47 -> 0 | AS47: =AR47*$C47 -> 0 | AT47: =AR47*$D47 -> 0 | AU47: ='Setoran 1'!Q47 -> 0 | AV47: =AU47*$C47 -> 0 | AW47: =AU47*$D47 -> 0 | AX47: =SUM(E47,H47,K47,N47,Q47,T47,W47,Z47,AC47,AF47,AI47,AL47,AO47,AR47,AU47) -> 19.12 | AY47: =SUM(F47,I47,L47,O47,R47,U47,X47,AA47,AD47,,AG47,AJ47,AM47,AP47,AS47,AV47) -> 1434 | AZ47: =SUM(G47,J47,M47,P47,S47,V47,Y47,AB47,AE47,AH47,AK47,AN47,AQ47,AT47,AW47) -> 1912 | BA47: =AZ47-AY47 -> 478
A48: 7 | B48: Kardus | C48: ='Data '!C44 -> 700 | D48: ='Data '!D44 -> 800 | E48: ='Setoran 1'!C48 -> 6.36 | F48: =E48*C48 -> 4452 | G48: =E48*D48 -> 5088 | H48: ='Setoran 1'!D48 -> 2.69 | I48: =H48*$C48 -> 1883 | J48: =H48*$D48 -> 2152 | K48: ='Setoran 1'!E48 -> 0 | L48: =K48*$C48 -> 0 | M48: =K48*$D48 -> 0 | N48: ='Setoran 1'!F48 -> 0 | O48: =N48*$C48 -> 0 | P48: =N48*$D48 -> 0 | Q48: ='Setoran 1'!G48 -> 5.85 | R48: =Q48*$C48 -> 4095 | S48: =Q48*$D48 -> 4680 | T48: ='Setoran 1'!H48 -> 1.4 | U48: =T48*$C48 -> 980 | V48: =T48*$D48 -> 1120 | W48: ='Setoran 1'!I48 -> 16.85 | X48: =W48*$C48 -> 11795 | Y48: =W48*$D48 -> 13480 | Z48: ='Setoran 1'!J48 -> 1.3 | AA48: =Z48*$C48 -> 910 | AB48: =Z48*$D48 -> 1040 | AC48: ='Setoran 1'!K48 -> 7.07 | AD48: =AC48*$C48 -> 4949 | AE48: =AC48*$D48 -> 5656 | AF48: ='Setoran 1'!L48 -> 1.82 | AG48: =AF48*$C48 -> 1274 | AH48: =AF48*$D48 -> 1456 | AI48: ='Setoran 1'!M48 -> 0 | AJ48: =AI48*$C48 -> 0 | AK48: =AI48*$D48 -> 0 | AL48: ='Setoran 1'!N48 -> 0 | AM48: =AL48*$C48 -> 0 | AN48: =AL48*$D48 -> 0 | AO48: ='Setoran 1'!O48 -> 0 | AP48: =AO48*$C48 -> 0 | AQ48: =AO48*$D48 -> 0 | AR48: ='Setoran 1'!P48 -> 0 | AS48: =AR48*$C48 -> 0 | AT48: =AR48*$D48 -> 0 | AU48: ='Setoran 1'!Q48 -> 0 | AV48: =AU48*$C48 -> 0 | AW48: =AU48*$D48 -> 0 | AX48: =SUM(E48,H48,K48,N48,Q48,T48,W48,Z48,AC48,AF48,AI48,AL48,AO48,AR48,AU48) -> 43.34 | AY48: =SUM(F48,I48,L48,O48,R48,U48,X48,AA48,AD48,,AG48,AJ48,AM48,AP48,AS48,AV48) -> 30338 | AZ48: =SUM(G48,J48,M48,P48,S48,V48,Y48,AB48,AE48,AH48,AK48,AN48,AQ48,AT48,AW48) -> 34672 | BA48: =AZ48-AY48 -> 4334
A49: 8 | B49: Kertas Campur | C49: ='Data '!C45 -> 75 | D49: ='Data '!D45 -> 100 | E49: ='Setoran 1'!C49 -> 0 | F49: =E49*C49 -> 0 | G49: =E49*D49 -> 0 | H49: ='Setoran 1'!D49 -> 0 | I49: =H49*$C49 -> 0 | J49: =H49*$D49 -> 0 | K49: ='Setoran 1'!E49 -> 0 | L49: =K49*$C49 -> 0 | M49: =K49*$D49 -> 0 | N49: ='Setoran 1'!F49 -> 0.5 | O49: =N49*$C49 -> 37.5 | P49: =N49*$D49 -> 50 | Q49: ='Setoran 1'!G49 -> 1.8 | R49: =Q49*$C49 -> 135 | S49: =Q49*$D49 -> 180 | T49: ='Setoran 1'!H49 -> 0.72 | U49: =T49*$C49 -> 54 | V49: =T49*$D49 -> 72 | W49: ='Setoran 1'!I49 -> 3.32 | X49: =W49*$C49 -> 249 | Y49: =W49*$D49 -> 332 | Z49: ='Setoran 1'!J49 -> 0.11 | AA49: =Z49*$C49 -> 8.25 | AB49: =Z49*$D49 -> 11 | AC49: ='Setoran 1'!K49 -> 4 | AD49: =AC49*$C49 -> 300 | AE49: =AC49*$D49 -> 400 | AF49: ='Setoran 1'!L49 -> 0.23 | AG49: =AF49*$C49 -> 17.25 | AH49: =AF49*$D49 -> 23 | AI49: ='Setoran 1'!M49 -> 0 | AJ49: =AI49*$C49 -> 0 | AK49: =AI49*$D49 -> 0 | AL49: ='Setoran 1'!N49 -> 0 | AM49: =AL49*$C49 -> 0 | AN49: =AL49*$D49 -> 0 | AO49: ='Setoran 1'!O49 -> 0 | AP49: =AO49*$C49 -> 0 | AQ49: =AO49*$D49 -> 0 | AR49: ='Setoran 1'!P49 -> 0 | AS49: =AR49*$C49 -> 0 | AT49: =AR49*$D49 -> 0 | AU49: ='Setoran 1'!Q49 -> 0 | AV49: =AU49*$C49 -> 0 | AW49: =AU49*$D49 -> 0 | AX49: =SUM(E49,H49,K49,N49,Q49,T49,W49,Z49,AC49,AF49,AI49,AL49,AO49,AR49,AU49) -> 10.68 | AY49: =SUM(F49,I49,L49,O49,R49,U49,X49,AA49,AD49,,AG49,AJ49,AM49,AP49,AS49,AV49) -> 801 | AZ49: =SUM(G49,J49,M49,P49,S49,V49,Y49,AB49,AE49,AH49,AK49,AN49,AQ49,AT49,AW49) -> 1068 | BA49: =AZ49-AY49 -> 267
A50: LOGAM
A51: 1 | B51: Besi Kaleng (Omplong) | C51: ='Data '!C47 -> 1000 | D51: ='Data '!D47 -> 1500 | E51: ='Setoran 1'!C51 -> 1.1 | F51: =E51*C51 -> 1100 | G51: =E51*D51 -> 1650 | H51: ='Setoran 1'!D51 -> 0.17 | I51: =H51*$C51 -> 170 | J51: =H51*$D51 -> 255 | K51: ='Setoran 1'!E51 -> 0 | L51: =K51*$C51 -> 0 | M51: =K51*$D51 -> 0 | N51: ='Setoran 1'!F51 -> 1.6 | O51: =N51*$C51 -> 1600 | P51: =N51*$D51 -> 2400 | Q51: ='Setoran 1'!G51 -> 0 | R51: =Q51*$C51 -> 0 | S51: =Q51*$D51 -> 0 | T51: ='Setoran 1'!H51 -> 0.28 | U51: =T51*$C51 -> 280 | V51: =T51*$D51 -> 420 | W51: ='Setoran 1'!I51 -> 0.27 | X51: =W51*$C51 -> 270 | Y51: =W51*$D51 -> 405 | Z51: ='Setoran 1'!J51 -> 0 | AA51: =Z51*$C51 -> 0 | AB51: =Z51*$D51 -> 0 | AC51: ='Setoran 1'!K51 -> 1.11 | AD51: =AC51*$C51 -> 1110 | AE51: =AC51*$D51 -> 1665 | AF51: ='Setoran 1'!L51 -> 0.58 | AG51: =AF51*$C51 -> 580 | AH51: =AF51*$D51 -> 870 | AI51: ='Setoran 1'!M51 -> 0 | AJ51: =AI51*$C51 -> 0 | AK51: =AI51*$D51 -> 0 | AL51: ='Setoran 1'!N51 -> 0 | AM51: =AL51*$C51 -> 0 | AN51: =AL51*$D51 -> 0 | AO51: ='Setoran 1'!O51 -> 0 | AP51: =AO51*$C51 -> 0 | AQ51: =AO51*$D51 -> 0 | AR51: ='Setoran 1'!P51 -> 0 | AS51: =AR51*$C51 -> 0 | AT51: =AR51*$D51 -> 0 | AU51: ='Setoran 1'!Q51 -> 0 | AV51: =AU51*$C51 -> 0 | AW51: =AU51*$D51 -> 0 | AX51: =SUM(E51,H51,K51,N51,Q51,T51,W51,Z51,AC51,AF51,AI51,AL51,AO51,AR51,AU51) -> 5.11 | AY51: =SUM(F51,I51,L51,O51,R51,U51,X51,AA51,AD51,,AG51,AJ51,AM51,AP51,AS51,AV51) -> 5110 | AZ51: =SUM(G51,J51,M51,P51,S51,V51,Y51,AB51,AE51,AH51,AK51,AN51,AQ51,AT51,AW51) -> 7665 | BA51: =AZ51-AY51 -> 2555
A52: 2 | B52: Besi B (Tipis) | C52: ='Data '!C48 -> 1100 | D52: ='Data '!D48 -> 1200 | E52: ='Setoran 1'!C52 -> 0 | F52: =E52*C52 -> 0 | G52: =E52*D52 -> 0 | H52: ='Setoran 1'!D52 -> 0 | I52: =H52*$C52 -> 0 | J52: =H52*$D52 -> 0 | K52: ='Setoran 1'!E52 -> 0 | L52: =K52*$C52 -> 0 | M52: =K52*$D52 -> 0 | N52: ='Setoran 1'!F52 -> 0.99 | O52: =N52*$C52 -> 1089 | P52: =N52*$D52 -> 1188 | Q52: ='Setoran 1'!G52 -> 0 | R52: =Q52*$C52 -> 0 | S52: =Q52*$D52 -> 0 | T52: ='Setoran 1'!H52 -> 2.8 | U52: =T52*$C52 -> 3080 | V52: =T52*$D52 -> 3360 | W52: ='Setoran 1'!I52 -> 0 | X52: =W52*$C52 -> 0 | Y52: =W52*$D52 -> 0 | Z52: ='Setoran 1'!J52 -> 0 | AA52: =Z52*$C52 -> 0 | AB52: =Z52*$D52 -> 0 | AC52: ='Setoran 1'!K52 -> 1.1 | AD52: =AC52*$C52 -> 1210 | AE52: =AC52*$D52 -> 1320 | AF52: ='Setoran 1'!L52 -> 0 | AG52: =AF52*$C52 -> 0 | AH52: =AF52*$D52 -> 0 | AI52: ='Setoran 1'!M52 -> 0 | AJ52: =AI52*$C52 -> 0 | AK52: =AI52*$D52 -> 0 | AL52: ='Setoran 1'!N52 -> 0 | AM52: =AL52*$C52 -> 0 | AN52: =AL52*$D52 -> 0 | AO52: ='Setoran 1'!O52 -> 0 | AP52: =AO52*$C52 -> 0 | AQ52: =AO52*$D52 -> 0 | AR52: ='Setoran 1'!P52 -> 0 | AS52: =AR52*$C52 -> 0 | AT52: =AR52*$D52 -> 0 | AU52: ='Setoran 1'!Q52 -> 0 | AV52: =AU52*$C52 -> 0 | AW52: =AU52*$D52 -> 0 | AX52: =SUM(E52,H52,K52,N52,Q52,T52,W52,Z52,AC52,AF52,AI52,AL52,AO52,AR52,AU52) -> 4.89 | AY52: =SUM(F52,I52,L52,O52,R52,U52,X52,AA52,AD52,,AG52,AJ52,AM52,AP52,AS52,AV52) -> 5379 | AZ52: =SUM(G52,J52,M52,P52,S52,V52,Y52,AB52,AE52,AH52,AK52,AN52,AQ52,AT52,AW52) -> 5868 | BA52: =AZ52-AY52 -> 489
A53: 3 | B53: Besi A (Tebal & Padat) | C53: ='Data '!C49 -> 2300 | D53: ='Data '!D49 -> 2500 | E53: ='Setoran 1'!C53 -> 0 | F53: =E53*C53 -> 0 | G53: =E53*D53 -> 0 | H53: ='Setoran 1'!D53 -> 0 | I53: =H53*$C53 -> 0 | J53: =H53*$D53 -> 0 | K53: ='Setoran 1'!E53 -> 0 | L53: =K53*$C53 -> 0 | M53: =K53*$D53 -> 0 | N53: ='Setoran 1'!F53 -> 0 | O53: =N53*$C53 -> 0 | P53: =N53*$D53 -> 0 | Q53: ='Setoran 1'!G53 -> 0 | R53: =Q53*$C53 -> 0 | S53: =Q53*$D53 -> 0 | T53: ='Setoran 1'!H53 -> 1.44 | U53: =T53*$C53 -> 3312 | V53: =T53*$D53 -> 3600 | W53: ='Setoran 1'!I53 -> 5.68 | X53: =W53*$C53 -> 13064 | Y53: =W53*$D53 -> 14200 | Z53: ='Setoran 1'!J53 -> 0 | AA53: =Z53*$C53 -> 0 | AB53: =Z53*$D53 -> 0 | AC53: ='Setoran 1'!K53 -> 0 | AD53: =AC53*$C53 -> 0 | AE53: =AC53*$D53 -> 0 | AF53: ='Setoran 1'!L53 -> 0 | AG53: =AF53*$C53 -> 0 | AH53: =AF53*$D53 -> 0 | AI53: ='Setoran 1'!M53 -> 0 | AJ53: =AI53*$C53 -> 0 | AK53: =AI53*$D53 -> 0 | AL53: ='Setoran 1'!N53 -> 0 | AM53: =AL53*$C53 -> 0 | AN53: =AL53*$D53 -> 0 | AO53: ='Setoran 1'!O53 -> 0 | AP53: =AO53*$C53 -> 0 | AQ53: =AO53*$D53 -> 0 | AR53: ='Setoran 1'!P53 -> 0 | AS53: =AR53*$C53 -> 0 | AT53: =AR53*$D53 -> 0 | AU53: ='Setoran 1'!Q53 -> 0 | AV53: =AU53*$C53 -> 0 | AW53: =AU53*$D53 -> 0 | AX53: =SUM(E53,H53,K53,N53,Q53,T53,W53,Z53,AC53,AF53,AI53,AL53,AO53,AR53,AU53) -> 7.12 | AY53: =SUM(F53,I53,L53,O53,R53,U53,X53,AA53,AD53,,AG53,AJ53,AM53,AP53,AS53,AV53) -> 16376 | AZ53: =SUM(G53,J53,M53,P53,S53,V53,Y53,AB53,AE53,AH53,AK53,AN53,AQ53,AT53,AW53) -> 17800 | BA53: =AZ53-AY53 -> 1424
A54: 4 | B54: Seng / paku | C54: ='Data '!C50 -> 200 | D54: ='Data '!D50 -> 300 | E54: ='Setoran 1'!C54 -> 0 | F54: =E54*C54 -> 0 | G54: =E54*D54 -> 0 | H54: ='Setoran 1'!D54 -> 0 | I54: =H54*$C54 -> 0 | J54: =H54*$D54 -> 0 | K54: ='Setoran 1'!E54 -> 0 | L54: =K54*$C54 -> 0 | M54: =K54*$D54 -> 0 | N54: ='Setoran 1'!F54 -> 0 | O54: =N54*$C54 -> 0 | P54: =N54*$D54 -> 0 | Q54: ='Setoran 1'!G54 -> 0 | R54: =Q54*$C54 -> 0 | S54: =Q54*$D54 -> 0 | T54: ='Setoran 1'!H54 -> 0 | U54: =T54*$C54 -> 0 | V54: =T54*$D54 -> 0 | W54: ='Setoran 1'!I54 -> 0 | X54: =W54*$C54 -> 0 | Y54: =W54*$D54 -> 0 | Z54: ='Setoran 1'!J54 -> 0 | AA54: =Z54*$C54 -> 0 | AB54: =Z54*$D54 -> 0 | AC54: ='Setoran 1'!K54 -> 0 | AD54: =AC54*$C54 -> 0 | AE54: =AC54*$D54 -> 0 | AF54: ='Setoran 1'!L54 -> 0 | AG54: =AF54*$C54 -> 0 | AH54: =AF54*$D54 -> 0 | AI54: ='Setoran 1'!M54 -> 0 | AJ54: =AI54*$C54 -> 0 | AK54: =AI54*$D54 -> 0 | AL54: ='Setoran 1'!N54 -> 0 | AM54: =AL54*$C54 -> 0 | AN54: =AL54*$D54 -> 0 | AO54: ='Setoran 1'!O54 -> 0 | AP54: =AO54*$C54 -> 0 | AQ54: =AO54*$D54 -> 0 | AR54: ='Setoran 1'!P54 -> 0 | AS54: =AR54*$C54 -> 0 | AT54: =AR54*$D54 -> 0 | AU54: ='Setoran 1'!Q54 -> 0 | AV54: =AU54*$C54 -> 0 | AW54: =AU54*$D54 -> 0 | AX54: =SUM(E54,H54,K54,N54,Q54,T54,W54,Z54,AC54,AF54,AI54,AL54,AO54,AR54,AU54) -> 0 | AY54: =SUM(F54,I54,L54,O54,R54,U54,X54,AA54,AD54,,AG54,AJ54,AM54,AP54,AS54,AV54) -> 0 | AZ54: =SUM(G54,J54,M54,P54,S54,V54,Y54,AB54,AE54,AH54,AK54,AN54,AQ54,AT54,AW54) -> 0 | BA54: =AZ54-AY54 -> 0
A55: 5 | B55: Aluminium Kaleng/tipis | C55: ='Data '!C51 -> 4500 | D55: ='Data '!D51 -> 5000 | E55: ='Setoran 1'!C55 -> 0 | F55: =E55*C55 -> 0 | G55: =E55*D55 -> 0 | H55: ='Setoran 1'!D55 -> 0 | I55: =H55*$C55 -> 0 | J55: =H55*$D55 -> 0 | K55: ='Setoran 1'!E55 -> 0 | L55: =K55*$C55 -> 0 | M55: =K55*$D55 -> 0 | N55: ='Setoran 1'!F55 -> 0 | O55: =N55*$C55 -> 0 | P55: =N55*$D55 -> 0 | Q55: ='Setoran 1'!G55 -> 0 | R55: =Q55*$C55 -> 0 | S55: =Q55*$D55 -> 0 | T55: ='Setoran 1'!H55 -> 0.49 | U55: =T55*$C55 -> 2205 | V55: =T55*$D55 -> 2450 | W55: ='Setoran 1'!I55 -> 2.9 | X55: =W55*$C55 -> 13050 | Y55: =W55*$D55 -> 14500 | Z55: ='Setoran 1'!J55 -> 0 | AA55: =Z55*$C55 -> 0 | AB55: =Z55*$D55 -> 0 | AC55: ='Setoran 1'!K55 -> 0 | AD55: =AC55*$C55 -> 0 | AE55: =AC55*$D55 -> 0 | AF55: ='Setoran 1'!L55 -> 0 | AG55: =AF55*$C55 -> 0 | AH55: =AF55*$D55 -> 0 | AI55: ='Setoran 1'!M55 -> 0 | AJ55: =AI55*$C55 -> 0 | AK55: =AI55*$D55 -> 0 | AL55: ='Setoran 1'!N55 -> 0 | AM55: =AL55*$C55 -> 0 | AN55: =AL55*$D55 -> 0 | AO55: ='Setoran 1'!O55 -> 0 | AP55: =AO55*$C55 -> 0 | AQ55: =AO55*$D55 -> 0 | AR55: ='Setoran 1'!P55 -> 0 | AS55: =AR55*$C55 -> 0 | AT55: =AR55*$D55 -> 0 | AU55: ='Setoran 1'!Q55 -> 0 | AV55: =AU55*$C55 -> 0 | AW55: =AU55*$D55 -> 0 | AX55: =SUM(E55,H55,K55,N55,Q55,T55,W55,Z55,AC55,AF55,AI55,AL55,AO55,AR55,AU55) -> 3.39 | AY55: =SUM(F55,I55,L55,O55,R55,U55,X55,AA55,AD55,,AG55,AJ55,AM55,AP55,AS55,AV55) -> 15255 | AZ55: =SUM(G55,J55,M55,P55,S55,V55,Y55,AB55,AE55,AH55,AK55,AN55,AQ55,AT55,AW55) -> 16950 | BA55: =AZ55-AY55 -> 1695
A56: 6 | B56: Aluminium Tebal | C56: ='Data '!C52 -> 6500 | D56: ='Data '!D52 -> 7000 | E56: ='Setoran 1'!C56 -> 0 | F56: =E56*C56 -> 0 | G56: =E56*D56 -> 0 | H56: ='Setoran 1'!D56 -> 0 | I56: =H56*$C56 -> 0 | J56: =H56*$D56 -> 0 | K56: ='Setoran 1'!E56 -> 0 | L56: =K56*$C56 -> 0 | M56: =K56*$D56 -> 0 | N56: ='Setoran 1'!F56 -> 0 | O56: =N56*$C56 -> 0 | P56: =N56*$D56 -> 0 | Q56: ='Setoran 1'!G56 -> 0 | R56: =Q56*$C56 -> 0 | S56: =Q56*$D56 -> 0 | T56: ='Setoran 1'!H56 -> 0 | U56: =T56*$C56 -> 0 | V56: =T56*$D56 -> 0 | W56: ='Setoran 1'!I56 -> 0 | X56: =W56*$C56 -> 0 | Y56: =W56*$D56 -> 0 | Z56: ='Setoran 1'!J56 -> 0 | AA56: =Z56*$C56 -> 0 | AB56: =Z56*$D56 -> 0 | AC56: ='Setoran 1'!K56 -> 0 | AD56: =AC56*$C56 -> 0 | AE56: =AC56*$D56 -> 0 | AF56: ='Setoran 1'!L56 -> 0 | AG56: =AF56*$C56 -> 0 | AH56: =AF56*$D56 -> 0 | AI56: ='Setoran 1'!M56 -> 0 | AJ56: =AI56*$C56 -> 0 | AK56: =AI56*$D56 -> 0 | AL56: ='Setoran 1'!N56 -> 0 | AM56: =AL56*$C56 -> 0 | AN56: =AL56*$D56 -> 0 | AO56: ='Setoran 1'!O56 -> 0 | AP56: =AO56*$C56 -> 0 | AQ56: =AO56*$D56 -> 0 | AR56: ='Setoran 1'!P56 -> 0 | AS56: =AR56*$C56 -> 0 | AT56: =AR56*$D56 -> 0 | AU56: ='Setoran 1'!Q56 -> 0 | AV56: =AU56*$C56 -> 0 | AW56: =AU56*$D56 -> 0 | AX56: =SUM(E56,H56,K56,N56,Q56,T56,W56,Z56,AC56,AF56,AI56,AL56,AO56,AR56,AU56) -> 0 | AY56: =SUM(F56,I56,L56,O56,R56,U56,X56,AA56,AD56,,AG56,AJ56,AM56,AP56,AS56,AV56) -> 0 | AZ56: =SUM(G56,J56,M56,P56,S56,V56,Y56,AB56,AE56,AH56,AK56,AN56,AQ56,AT56,AW56) -> 0 | BA56: =AZ56-AY56 -> 0
A57: 7 | B57: Tembaga | C57: ='Data '!C53 -> 28000 | D57: ='Data '!D53 -> 30000 | E57: ='Setoran 1'!C57 -> 0 | F57: =E57*C57 -> 0 | G57: =E57*D57 -> 0 | H57: ='Setoran 1'!D57 -> 0 | I57: =H57*$C57 -> 0 | J57: =H57*$D57 -> 0 | K57: ='Setoran 1'!E57 -> 0 | L57: =K57*$C57 -> 0 | M57: =K57*$D57 -> 0 | N57: ='Setoran 1'!F57 -> 0 | O57: =N57*$C57 -> 0 | P57: =N57*$D57 -> 0 | Q57: ='Setoran 1'!G57 -> 0 | R57: =Q57*$C57 -> 0 | S57: =Q57*$D57 -> 0 | T57: ='Setoran 1'!H57 -> 0 | U57: =T57*$C57 -> 0 | V57: =T57*$D57 -> 0 | W57: ='Setoran 1'!I57 -> 0 | X57: =W57*$C57 -> 0 | Y57: =W57*$D57 -> 0 | Z57: ='Setoran 1'!J57 -> 0 | AA57: =Z57*$C57 -> 0 | AB57: =Z57*$D57 -> 0 | AC57: ='Setoran 1'!K57 -> 0 | AD57: =AC57*$C57 -> 0 | AE57: =AC57*$D57 -> 0 | AF57: ='Setoran 1'!L57 -> 0 | AG57: =AF57*$C57 -> 0 | AH57: =AF57*$D57 -> 0 | AI57: ='Setoran 1'!M57 -> 0 | AJ57: =AI57*$C57 -> 0 | AK57: =AI57*$D57 -> 0 | AL57: ='Setoran 1'!N57 -> 0 | AM57: =AL57*$C57 -> 0 | AN57: =AL57*$D57 -> 0 | AO57: ='Setoran 1'!O57 -> 0 | AP57: =AO57*$C57 -> 0 | AQ57: =AO57*$D57 -> 0 | AR57: ='Setoran 1'!P57 -> 0 | AS57: =AR57*$C57 -> 0 | AT57: =AR57*$D57 -> 0 | AU57: ='Setoran 1'!Q57 -> 0 | AV57: =AU57*$C57 -> 0 | AW57: =AU57*$D57 -> 0 | AX57: =SUM(E57,H57,K57,N57,Q57,T57,W57,Z57,AC57,AF57,AI57,AL57,AO57,AR57,AU57) -> 0 | AY57: =SUM(F57,I57,L57,O57,R57,U57,X57,AA57,AD57,,AG57,AJ57,AM57,AP57,AS57,AV57) -> 0 | AZ57: =SUM(G57,J57,M57,P57,S57,V57,Y57,AB57,AE57,AH57,AK57,AN57,AQ57,AT57,AW57) -> 0 | BA57: =AZ57-AY57 -> 0
A58: 8 | B58: Logam campur | C58: ='Data '!C54 -> 0 | D58: ='Data '!D54 -> 0 | E58: ='Setoran 1'!C58 -> 0 | F58: =E58*C58 -> 0 | G58: =E58*D58 -> 0 | H58: ='Setoran 1'!D58 -> 0 | I58: =H58*$C58 -> 0 | J58: =H58*$D58 -> 0 | K58: ='Setoran 1'!E58 -> 0 | L58: =K58*$C58 -> 0 | M58: =K58*$D58 -> 0 | N58: ='Setoran 1'!F58 -> 0 | O58: =N58*$C58 -> 0 | P58: =N58*$D58 -> 0 | Q58: ='Setoran 1'!G58 -> 0 | R58: =Q58*$C58 -> 0 | S58: =Q58*$D58 -> 0 | T58: ='Setoran 1'!H58 -> 0 | U58: =T58*$C58 -> 0 | V58: =T58*$D58 -> 0 | W58: ='Setoran 1'!I58 -> 0 | X58: =W58*$C58 -> 0 | Y58: =W58*$D58 -> 0 | Z58: ='Setoran 1'!J58 -> 0 | AA58: =Z58*$C58 -> 0 | AB58: =Z58*$D58 -> 0 | AC58: ='Setoran 1'!K58 -> 0 | AD58: =AC58*$C58 -> 0 | AE58: =AC58*$D58 -> 0 | AF58: ='Setoran 1'!L58 -> 0 | AG58: =AF58*$C58 -> 0 | AH58: =AF58*$D58 -> 0 | AI58: ='Setoran 1'!M58 -> 0 | AJ58: =AI58*$C58 -> 0 | AK58: =AI58*$D58 -> 0 | AL58: ='Setoran 1'!N58 -> 0 | AM58: =AL58*$C58 -> 0 | AN58: =AL58*$D58 -> 0 | AO58: ='Setoran 1'!O58 -> 0 | AP58: =AO58*$C58 -> 0 | AQ58: =AO58*$D58 -> 0 | AR58: ='Setoran 1'!P58 -> 0 | AS58: =AR58*$C58 -> 0 | AT58: =AR58*$D58 -> 0 | AU58: ='Setoran 1'!Q58 -> 0 | AV58: =AU58*$C58 -> 0 | AW58: =AU58*$D58 -> 0 | AX58: =SUM(E58,H58,K58,N58,Q58,T58,W58,Z58,AC58,AF58,AI58,AL58,AO58,AR58,AU58) -> 0 | AY58: =SUM(F58,I58,L58,O58,R58,U58,X58,AA58,AD58,,AG58,AJ58,AM58,AP58,AS58,AV58) -> 0 | AZ58: =SUM(G58,J58,M58,P58,S58,V58,Y58,AB58,AE58,AH58,AK58,AN58,AQ58,AT58,AW58) -> 0 | BA58: =AZ58-AY58 -> 0
A59: KACA
A60: 1 | B60: Botol Bir Bintang Besar/biji | C60: ='Data '!C56 -> 700 | D60: ='Data '!D56 -> 800 | E60: ='Setoran 1'!C60 -> 0 | F60: =E60*C60 -> 0 | G60: =E60*D60 -> 0 | H60: ='Setoran 1'!D60 -> 0 | I60: =H60*$C60 -> 0 | J60: =H60*$D60 -> 0 | K60: ='Setoran 1'!E60 -> 0 | L60: =K60*$C60 -> 0 | M60: =K60*$D60 -> 0 | N60: ='Setoran 1'!F60 -> 0 | O60: =N60*$C60 -> 0 | P60: =N60*$D60 -> 0 | Q60: ='Setoran 1'!G60 -> 0 | R60: =Q60*$C60 -> 0 | S60: =Q60*$D60 -> 0 | T60: ='Setoran 1'!H60 -> 0 | U60: =T60*$C60 -> 0 | V60: =T60*$D60 -> 0 | W60: ='Setoran 1'!I60 -> 0 | X60: =W60*$C60 -> 0 | Y60: =W60*$D60 -> 0 | Z60: ='Setoran 1'!J60 -> 0 | AA60: =Z60*$C60 -> 0 | AB60: =Z60*$D60 -> 0 | AC60: ='Setoran 1'!K60 -> 1 | AD60: =AC60*$C60 -> 700 | AE60: =AC60*$D60 -> 800 | AF60: ='Setoran 1'!L60 -> 0 | AG60: =AF60*$C60 -> 0 | AH60: =AF60*$D60 -> 0 | AI60: ='Setoran 1'!M60 -> 0 | AJ60: =AI60*$C60 -> 0 | AK60: =AI60*$D60 -> 0 | AL60: ='Setoran 1'!N60 -> 0 | AM60: =AL60*$C60 -> 0 | AN60: =AL60*$D60 -> 0 | AO60: ='Setoran 1'!O60 -> 0 | AP60: =AO60*$C60 -> 0 | AQ60: =AO60*$D60 -> 0 | AR60: ='Setoran 1'!P60 -> 0 | AS60: =AR60*$C60 -> 0 | AT60: =AR60*$D60 -> 0 | AU60: ='Setoran 1'!Q60 -> 0 | AV60: =AU60*$C60 -> 0 | AW60: =AU60*$D60 -> 0 | AX60: =SUM(E60,H60,K60,N60,Q60,T60,W60,Z60,AC60,AF60,AI60,AL60,AO60,AR60,AU60) -> 1 | AY60: =SUM(F60,I60,L60,O60,R60,U60,X60,AA60,AD60,,AG60,AJ60,AM60,AP60,AS60,AV60) -> 700 | AZ60: =SUM(G60,J60,M60,P60,S60,V60,Y60,AB60,AE60,AH60,AK60,AN60,AQ60,AT60,AW60) -> 800 | BA60: =AZ60-AY60 -> 100
A61: 2 | B61: Botol Bir Bintang Kecil/biji | C61: ='Data '!C57 -> 150 | D61: ='Data '!D57 -> 200 | E61: ='Setoran 1'!C61 -> 0 | F61: =E61*C61 -> 0 | G61: =E61*D61 -> 0 | H61: ='Setoran 1'!D61 -> 0 | I61: =H61*$C61 -> 0 | J61: =H61*$D61 -> 0 | K61: ='Setoran 1'!E61 -> 0 | L61: =K61*$C61 -> 0 | M61: =K61*$D61 -> 0 | N61: ='Setoran 1'!F61 -> 0 | O61: =N61*$C61 -> 0 | P61: =N61*$D61 -> 0 | Q61: ='Setoran 1'!G61 -> 0 | R61: =Q61*$C61 -> 0 | S61: =Q61*$D61 -> 0 | T61: ='Setoran 1'!H61 -> 0 | U61: =T61*$C61 -> 0 | V61: =T61*$D61 -> 0 | W61: ='Setoran 1'!I61 -> 3 | X61: =W61*$C61 -> 450 | Y61: =W61*$D61 -> 600 | Z61: ='Setoran 1'!J61 -> 0 | AA61: =Z61*$C61 -> 0 | AB61: =Z61*$D61 -> 0 | AC61: ='Setoran 1'!K61 -> 8 | AD61: =AC61*$C61 -> 1200 | AE61: =AC61*$D61 -> 1600 | AF61: ='Setoran 1'!L61 -> 0 | AG61: =AF61*$C61 -> 0 | AH61: =AF61*$D61 -> 0 | AI61: ='Setoran 1'!M61 -> 0 | AJ61: =AI61*$C61 -> 0 | AK61: =AI61*$D61 -> 0 | AL61: ='Setoran 1'!N61 -> 0 | AM61: =AL61*$C61 -> 0 | AN61: =AL61*$D61 -> 0 | AO61: ='Setoran 1'!O61 -> 0 | AP61: =AO61*$C61 -> 0 | AQ61: =AO61*$D61 -> 0 | AR61: ='Setoran 1'!P61 -> 0 | AS61: =AR61*$C61 -> 0 | AT61: =AR61*$D61 -> 0 | AU61: ='Setoran 1'!Q61 -> 0 | AV61: =AU61*$C61 -> 0 | AW61: =AU61*$D61 -> 0 | AX61: =SUM(E61,H61,K61,N61,Q61,T61,W61,Z61,AC61,AF61,AI61,AL61,AO61,AR61,AU61) -> 11 | AY61: =SUM(F61,I61,L61,O61,R61,U61,X61,AA61,AD61,,AG61,AJ61,AM61,AP61,AS61,AV61) -> 1650 | AZ61: =SUM(G61,J61,M61,P61,S61,V61,Y61,AB61,AE61,AH61,AK61,AN61,AQ61,AT61,AW61) -> 2200 | BA61: =AZ61-AY61 -> 550
A62: 3 | B62: Botol Kaca Campur | C62: ='Data '!C58 -> 50 | D62: ='Data '!D58 -> 100 | E62: ='Setoran 1'!C62 -> 2.9 | F62: =E62*C62 -> 145 | G62: =E62*D62 -> 290 | H62: ='Setoran 1'!D62 -> 0.4 | I62: =H62*$C62 -> 20 | J62: =H62*$D62 -> 40 | K62: ='Setoran 1'!E62 -> 0 | L62: =K62*$C62 -> 0 | M62: =K62*$D62 -> 0 | N62: ='Setoran 1'!F62 -> 0 | O62: =N62*$C62 -> 0 | P62: =N62*$D62 -> 0 | Q62: ='Setoran 1'!G62 -> 2.48 | R62: =Q62*$C62 -> 124 | S62: =Q62*$D62 -> 248 | T62: ='Setoran 1'!H62 -> 0 | U62: =T62*$C62 -> 0 | V62: =T62*$D62 -> 0 | W62: ='Setoran 1'!I62 -> 1 | X62: =W62*$C62 -> 50 | Y62: =W62*$D62 -> 100 | Z62: ='Setoran 1'!J62 -> 0.53 | AA62: =Z62*$C62 -> 26.5 | AB62: =Z62*$D62 -> 53 | AC62: ='Setoran 1'!K62 -> 10.39 | AD62: =AC62*$C62 -> 519.5 | AE62: =AC62*$D62 -> 1039 | AF62: ='Setoran 1'!L62 -> 0 | AG62: =AF62*$C62 -> 0 | AH62: =AF62*$D62 -> 0 | AI62: ='Setoran 1'!M62 -> 0 | AJ62: =AI62*$C62 -> 0 | AK62: =AI62*$D62 -> 0 | AL62: ='Setoran 1'!N62 -> 0 | AM62: =AL62*$C62 -> 0 | AN62: =AL62*$D62 -> 0 | AO62: ='Setoran 1'!O62 -> 0 | AP62: =AO62*$C62 -> 0 | AQ62: =AO62*$D62 -> 0 | AR62: ='Setoran 1'!P62 -> 0 | AS62: =AR62*$C62 -> 0 | AT62: =AR62*$D62 -> 0 | AU62: ='Setoran 1'!Q62 -> 0 | AV62: =AU62*$C62 -> 0 | AW62: =AU62*$D62 -> 0 | AX62: =SUM(E62,H62,K62,N62,Q62,T62,W62,Z62,AC62,AF62,AI62,AL62,AO62,AR62,AU62) -> 17.7 | AY62: =SUM(F62,I62,L62,O62,R62,U62,X62,AA62,AD62,,AG62,AJ62,AM62,AP62,AS62,AV62) -> 885 | AZ62: =SUM(G62,J62,M62,P62,S62,V62,Y62,AB62,AE62,AH62,AK62,AN62,AQ62,AT62,AW62) -> 1770 | BA62: =AZ62-AY62 -> 885
A63: OTHER
A64: 1 | B64: Styrofoam Bersih | C64: ='Data '!C60 -> 150 | D64: ='Data '!D60 -> 200 | E64: ='Setoran 1'!C64 -> 0 | F64: =E64*C64 -> 0 | G64: =E64*D64 -> 0 | H64: ='Setoran 1'!D64 -> 0 | I64: =H64*$C64 -> 0 | J64: =H64*$D64 -> 0 | K64: ='Setoran 1'!E64 -> 0 | L64: =K64*$C64 -> 0 | M64: =K64*$D64 -> 0 | N64: ='Setoran 1'!F64 -> 0 | O64: =N64*$C64 -> 0 | P64: =N64*$D64 -> 0 | Q64: ='Setoran 1'!G64 -> 0 | R64: =Q64*$C64 -> 0 | S64: =Q64*$D64 -> 0 | T64: ='Setoran 1'!H64 -> 0 | U64: =T64*$C64 -> 0 | V64: =T64*$D64 -> 0 | W64: ='Setoran 1'!I64 -> 0.34 | X64: =W64*$C64 -> 51 | Y64: =W64*$D64 -> 68 | Z64: ='Setoran 1'!J64 -> 0 | AA64: =Z64*$C64 -> 0 | AB64: =Z64*$D64 -> 0 | AC64: ='Setoran 1'!K64 -> 0 | AD64: =AC64*$C64 -> 0 | AE64: =AC64*$D64 -> 0 | AF64: ='Setoran 1'!L64 -> 0 | AG64: =AF64*$C64 -> 0 | AH64: =AF64*$D64 -> 0 | AI64: ='Setoran 1'!M64 -> 0 | AJ64: =AI64*$C64 -> 0 | AK64: =AI64*$D64 -> 0 | AL64: ='Setoran 1'!N64 -> 0 | AM64: =AL64*$C64 -> 0 | AN64: =AL64*$D64 -> 0 | AO64: ='Setoran 1'!O64 -> 0 | AP64: =AO64*$C64 -> 0 | AQ64: =AO64*$D64 -> 0 | AR64: ='Setoran 1'!P64 -> 0 | AS64: =AR64*$C64 -> 0 | AT64: =AR64*$D64 -> 0 | AU64: ='Setoran 1'!Q64 -> 0 | AV64: =AU64*$C64 -> 0 | AW64: =AU64*$D64 -> 0 | AX64: =SUM(E64,H64,K64,N64,Q64,T64,W64,Z64,AC64,AF64,AI64,AL64,AO64,AR64,AU64) -> 0.34 | AY64: =SUM(F64,I64,L64,O64,R64,U64,X64,AA64,AD64,,AG64,AJ64,AM64,AP64,AS64,AV64) -> 51 | AZ64: =SUM(G64,J64,M64,P64,S64,V64,Y64,AB64,AE64,AH64,AK64,AN64,AQ64,AT64,AW64) -> 68 | BA64: =AZ64-AY64 -> 17
A65: 2 | B65: Net & PE Foam | C65: ='Data '!C61 -> 0 | D65: ='Data '!D61 -> 0 | E65: ='Setoran 1'!C65 -> 0 | F65: =E65*C65 -> 0 | G65: =E65*D65 -> 0 | H65: ='Setoran 1'!D65 -> 0 | I65: =H65*$C65 -> 0 | J65: =H65*$D65 -> 0 | K65: ='Setoran 1'!E65 -> 0 | L65: =K65*$C65 -> 0 | M65: =K65*$D65 -> 0 | N65: ='Setoran 1'!F65 -> 0 | O65: =N65*$C65 -> 0 | P65: =N65*$D65 -> 0 | Q65: ='Setoran 1'!G65 -> 0 | R65: =Q65*$C65 -> 0 | S65: =Q65*$D65 -> 0 | T65: ='Setoran 1'!H65 -> 0 | U65: =T65*$C65 -> 0 | V65: =T65*$D65 -> 0 | W65: ='Setoran 1'!I65 -> 0 | X65: =W65*$C65 -> 0 | Y65: =W65*$D65 -> 0 | Z65: ='Setoran 1'!J65 -> 0 | AA65: =Z65*$C65 -> 0 | AB65: =Z65*$D65 -> 0 | AC65: ='Setoran 1'!K65 -> 0 | AD65: =AC65*$C65 -> 0 | AE65: =AC65*$D65 -> 0 | AF65: ='Setoran 1'!L65 -> 0 | AG65: =AF65*$C65 -> 0 | AH65: =AF65*$D65 -> 0 | AI65: ='Setoran 1'!M65 -> 0 | AJ65: =AI65*$C65 -> 0 | AK65: =AI65*$D65 -> 0 | AL65: ='Setoran 1'!N65 -> 0 | AM65: =AL65*$C65 -> 0 | AN65: =AL65*$D65 -> 0 | AO65: ='Setoran 1'!O65 -> 0 | AP65: =AO65*$C65 -> 0 | AQ65: =AO65*$D65 -> 0 | AR65: ='Setoran 1'!P65 -> 0 | AS65: =AR65*$C65 -> 0 | AT65: =AR65*$D65 -> 0 | AU65: ='Setoran 1'!Q65 -> 0 | AV65: =AU65*$C65 -> 0 | AW65: =AU65*$D65 -> 0 | AX65: =SUM(E65,H65,K65,N65,Q65,T65,W65,Z65,AC65,AF65,AI65,AL65,AO65,AR65,AU65) -> 0 | AY65: =SUM(F65,I65,L65,O65,R65,U65,X65,AA65,AD65,,AG65,AJ65,AM65,AP65,AS65,AV65) -> 0 | AZ65: =SUM(G65,J65,M65,P65,S65,V65,Y65,AB65,AE65,AH65,AK65,AN65,AQ65,AT65,AW65) -> 0 | BA65: =AZ65-AY65 -> 0
A66: 3 | B66: Tetra Pack | C66: ='Data '!C62 -> 150 | D66: ='Data '!D62 -> 200 | E66: ='Setoran 1'!C66 -> 0 | F66: =E66*C66 -> 0 | G66: =E66*D66 -> 0 | H66: ='Setoran 1'!D66 -> 0.3 | I66: =H66*$C66 -> 45 | J66: =H66*$D66 -> 60 | K66: ='Setoran 1'!E66 -> 0 | L66: =K66*$C66 -> 0 | M66: =K66*$D66 -> 0 | N66: ='Setoran 1'!F66 -> 0 | O66: =N66*$C66 -> 0 | P66: =N66*$D66 -> 0 | Q66: ='Setoran 1'!G66 -> 0.16 | R66: =Q66*$C66 -> 24 | S66: =Q66*$D66 -> 32 | T66: ='Setoran 1'!H66 -> 0.48 | U66: =T66*$C66 -> 72 | V66: =T66*$D66 -> 96 | W66: ='Setoran 1'!I66 -> 2.5 | X66: =W66*$C66 -> 375 | Y66: =W66*$D66 -> 500 | Z66: ='Setoran 1'!J66 -> 0.1 | AA66: =Z66*$C66 -> 15 | AB66: =Z66*$D66 -> 20 | AC66: ='Setoran 1'!K66 -> 1.07 | AD66: =AC66*$C66 -> 160.5 | AE66: =AC66*$D66 -> 214 | AF66: ='Setoran 1'!L66 -> 0 | AG66: =AF66*$C66 -> 0 | AH66: =AF66*$D66 -> 0 | AI66: ='Setoran 1'!M66 -> 0 | AJ66: =AI66*$C66 -> 0 | AK66: =AI66*$D66 -> 0 | AL66: ='Setoran 1'!N66 -> 0 | AM66: =AL66*$C66 -> 0 | AN66: =AL66*$D66 -> 0 | AO66: ='Setoran 1'!O66 -> 0 | AP66: =AO66*$C66 -> 0 | AQ66: =AO66*$D66 -> 0 | AR66: ='Setoran 1'!P66 -> 0 | AS66: =AR66*$C66 -> 0 | AT66: =AR66*$D66 -> 0 | AU66: ='Setoran 1'!Q66 -> 0 | AV66: =AU66*$C66 -> 0 | AW66: =AU66*$D66 -> 0 | AX66: =SUM(E66,H66,K66,N66,Q66,T66,W66,Z66,AC66,AF66,AI66,AL66,AO66,AR66,AU66) -> 4.61 | AY66: =SUM(F66,I66,L66,O66,R66,U66,X66,AA66,AD66,,AG66,AJ66,AM66,AP66,AS66,AV66) -> 691.5 | AZ66: =SUM(G66,J66,M66,P66,S66,V66,Y66,AB66,AE66,AH66,AK66,AN66,AQ66,AT66,AW66) -> 922 | BA66: =AZ66-AY66 -> 230.5
A67: 4 | B67: Accu per kg | C67: ='Data '!C63 -> 0 | D67: ='Data '!D63 -> 0 | E67: ='Setoran 1'!C67 -> 0 | F67: =E67*C67 -> 0 | G67: =E67*D67 -> 0 | H67: ='Setoran 1'!D67 -> 0 | I67: =H67*$C67 -> 0 | J67: =H67*$D67 -> 0 | K67: ='Setoran 1'!E67 -> 0 | L67: =K67*$C67 -> 0 | M67: =K67*$D67 -> 0 | N67: ='Setoran 1'!F67 -> 0 | O67: =N67*$C67 -> 0 | P67: =N67*$D67 -> 0 | Q67: ='Setoran 1'!G67 -> 0 | R67: =Q67*$C67 -> 0 | S67: =Q67*$D67 -> 0 | T67: ='Setoran 1'!H67 -> 0 | U67: =T67*$C67 -> 0 | V67: =T67*$D67 -> 0 | W67: ='Setoran 1'!I67 -> 0 | X67: =W67*$C67 -> 0 | Y67: =W67*$D67 -> 0 | Z67: ='Setoran 1'!J67 -> 0 | AA67: =Z67*$C67 -> 0 | AB67: =Z67*$D67 -> 0 | AC67: ='Setoran 1'!K67 -> 0 | AD67: =AC67*$C67 -> 0 | AE67: =AC67*$D67 -> 0 | AF67: ='Setoran 1'!L67 -> 0 | AG67: =AF67*$C67 -> 0 | AH67: =AF67*$D67 -> 0 | AI67: ='Setoran 1'!M67 -> 0 | AJ67: =AI67*$C67 -> 0 | AK67: =AI67*$D67 -> 0 | AL67: ='Setoran 1'!N67 -> 0 | AM67: =AL67*$C67 -> 0 | AN67: =AL67*$D67 -> 0 | AO67: ='Setoran 1'!O67 -> 0 | AP67: =AO67*$C67 -> 0 | AQ67: =AO67*$D67 -> 0 | AR67: ='Setoran 1'!P67 -> 0 | AS67: =AR67*$C67 -> 0 | AT67: =AR67*$D67 -> 0 | AU67: ='Setoran 1'!Q67 -> 0 | AV67: =AU67*$C67 -> 0 | AW67: =AU67*$D67 -> 0 | AX67: =SUM(E67,H67,K67,N67,Q67,T67,W67,Z67,AC67,AF67,AI67,AL67,AO67,AR67,AU67) -> 0 | AY67: =SUM(F67,I67,L67,O67,R67,U67,X67,AA67,AD67,,AG67,AJ67,AM67,AP67,AS67,AV67) -> 0 | AZ67: =SUM(G67,J67,M67,P67,S67,V67,Y67,AB67,AE67,AH67,AK67,AN67,AQ67,AT67,AW67) -> 0 | BA67: =AZ67-AY67 -> 0
A68: 5 | B68: Minyak Jelantah | C68: ='Data '!C64 -> 0 | D68: ='Data '!D64 -> 0 | E68: ='Setoran 1'!C68 -> 0 | F68: =E68*C68 -> 0 | G68: =E68*D68 -> 0 | H68: ='Setoran 1'!D68 -> 0 | I68: =H68*$C68 -> 0 | J68: =H68*$D68 -> 0 | K68: ='Setoran 1'!E68 -> 0 | L68: =K68*$C68 -> 0 | M68: =K68*$D68 -> 0 | N68: ='Setoran 1'!F68 -> 0 | O68: =N68*$C68 -> 0 | P68: =N68*$D68 -> 0 | Q68: ='Setoran 1'!G68 -> 0 | R68: =Q68*$C68 -> 0 | S68: =Q68*$D68 -> 0 | T68: ='Setoran 1'!H68 -> 0 | U68: =T68*$C68 -> 0 | V68: =T68*$D68 -> 0 | W68: ='Setoran 1'!I68 -> 0 | X68: =W68*$C68 -> 0 | Y68: =W68*$D68 -> 0 | Z68: ='Setoran 1'!J68 -> 0 | AA68: =Z68*$C68 -> 0 | AB68: =Z68*$D68 -> 0 | AC68: ='Setoran 1'!K68 -> 0 | AD68: =AC68*$C68 -> 0 | AE68: =AC68*$D68 -> 0 | AF68: ='Setoran 1'!L68 -> 0 | AG68: =AF68*$C68 -> 0 | AH68: =AF68*$D68 -> 0 | AI68: ='Setoran 1'!M68 -> 0 | AJ68: =AI68*$C68 -> 0 | AK68: =AI68*$D68 -> 0 | AL68: ='Setoran 1'!N68 -> 0 | AM68: =AL68*$C68 -> 0 | AN68: =AL68*$D68 -> 0 | AO68: ='Setoran 1'!O68 -> 0 | AP68: =AO68*$C68 -> 0 | AQ68: =AO68*$D68 -> 0 | AR68: ='Setoran 1'!P68 -> 0 | AS68: =AR68*$C68 -> 0 | AT68: =AR68*$D68 -> 0 | AU68: ='Setoran 1'!Q68 -> 0 | AV68: =AU68*$C68 -> 0 | AW68: =AU68*$D68 -> 0 | AX68: =SUM(E68,H68,K68,N68,Q68,T68,W68,Z68,AC68,AF68,AI68,AL68,AO68,AR68,AU68) -> 0 | AY68: =SUM(F68,I68,L68,O68,R68,U68,X68,AA68,AD68,,AG68,AJ68,AM68,AP68,AS68,AV68) -> 0 | AZ68: =SUM(G68,J68,M68,P68,S68,V68,Y68,AB68,AE68,AH68,AK68,AN68,AQ68,AT68,AW68) -> 0 | BA68: =AZ68-AY68 -> 0
A69: 6 | B69: Sponge/Sepatu/Sandal Bekas | C69: ='Data '!C65 -> 0 | D69: ='Data '!D65 -> 0 | E69: ='Setoran 1'!C69 -> 0 | F69: =E69*C69 -> 0 | G69: =E69*D69 -> 0 | H69: ='Setoran 1'!D69 -> 0 | I69: =H69*$C69 -> 0 | J69: =H69*$D69 -> 0 | K69: ='Setoran 1'!E69 -> 0 | L69: =K69*$C69 -> 0 | M69: =K69*$D69 -> 0 | N69: ='Setoran 1'!F69 -> 0 | O69: =N69*$C69 -> 0 | P69: =N69*$D69 -> 0 | Q69: ='Setoran 1'!G69 -> 0 | R69: =Q69*$C69 -> 0 | S69: =Q69*$D69 -> 0 | T69: ='Setoran 1'!H69 -> 0 | U69: =T69*$C69 -> 0 | V69: =T69*$D69 -> 0 | W69: ='Setoran 1'!I69 -> 0 | X69: =W69*$C69 -> 0 | Y69: =W69*$D69 -> 0 | Z69: ='Setoran 1'!J69 -> 0 | AA69: =Z69*$C69 -> 0 | AB69: =Z69*$D69 -> 0 | AC69: ='Setoran 1'!K69 -> 0 | AD69: =AC69*$C69 -> 0 | AE69: =AC69*$D69 -> 0 | AF69: ='Setoran 1'!L69 -> 0 | AG69: =AF69*$C69 -> 0 | AH69: =AF69*$D69 -> 0 | AI69: ='Setoran 1'!M69 -> 0 | AJ69: =AI69*$C69 -> 0 | AK69: =AI69*$D69 -> 0 | AL69: ='Setoran 1'!N69 -> 0 | AM69: =AL69*$C69 -> 0 | AN69: =AL69*$D69 -> 0 | AO69: ='Setoran 1'!O69 -> 0 | AP69: =AO69*$C69 -> 0 | AQ69: =AO69*$D69 -> 0 | AR69: ='Setoran 1'!P69 -> 0 | AS69: =AR69*$C69 -> 0 | AT69: =AR69*$D69 -> 0 | AU69: ='Setoran 1'!Q69 -> 0 | AV69: =AU69*$C69 -> 0 | AW69: =AU69*$D69 -> 0 | AX69: =SUM(E69,H69,K69,N69,Q69,T69,W69,Z69,AC69,AF69,AI69,AL69,AO69,AR69,AU69) -> 0 | AY69: =SUM(F69,I69,L69,O69,R69,U69,X69,AA69,AD69,,AG69,AJ69,AM69,AP69,AS69,AV69) -> 0 | AZ69: =SUM(G69,J69,M69,P69,S69,V69,Y69,AB69,AE69,AH69,AK69,AN69,AQ69,AT69,AW69) -> 0 | BA69: =AZ69-AY69 -> 0
A70: 7 | B70: Tray Telur | C70: ='Data '!C66 -> 150 | D70: ='Data '!D66 -> 200 | E70: ='Setoran 1'!C70 -> 0 | F70: =E70*C70 -> 0 | G70: =E70*D70 -> 0 | H70: ='Setoran 1'!D70 -> 0 | I70: =H70*$C70 -> 0 | J70: =H70*$D70 -> 0 | K70: ='Setoran 1'!E70 -> 0 | L70: =K70*$C70 -> 0 | M70: =K70*$D70 -> 0 | N70: ='Setoran 1'!F70 -> 0 | O70: =N70*$C70 -> 0 | P70: =N70*$D70 -> 0 | Q70: ='Setoran 1'!G70 -> 0 | R70: =Q70*$C70 -> 0 | S70: =Q70*$D70 -> 0 | T70: ='Setoran 1'!H70 -> 0 | U70: =T70*$C70 -> 0 | V70: =T70*$D70 -> 0 | W70: ='Setoran 1'!I70 -> 0 | X70: =W70*$C70 -> 0 | Y70: =W70*$D70 -> 0 | Z70: ='Setoran 1'!J70 -> 0 | AA70: =Z70*$C70 -> 0 | AB70: =Z70*$D70 -> 0 | AC70: ='Setoran 1'!K70 -> 0 | AD70: =AC70*$C70 -> 0 | AE70: =AC70*$D70 -> 0 | AF70: ='Setoran 1'!L70 -> 0 | AG70: =AF70*$C70 -> 0 | AH70: =AF70*$D70 -> 0 | AI70: ='Setoran 1'!M70 -> 0 | AJ70: =AI70*$C70 -> 0 | AK70: =AI70*$D70 -> 0 | AL70: ='Setoran 1'!N70 -> 0 | AM70: =AL70*$C70 -> 0 | AN70: =AL70*$D70 -> 0 | AO70: ='Setoran 1'!O70 -> 0 | AP70: =AO70*$C70 -> 0 | AQ70: =AO70*$D70 -> 0 | AR70: ='Setoran 1'!P70 -> 0 | AS70: =AR70*$C70 -> 0 | AT70: =AR70*$D70 -> 0 | AU70: ='Setoran 1'!Q70 -> 0 | AV70: =AU70*$C70 -> 0 | AW70: =AU70*$D70 -> 0 | AX70: =SUM(E70,H70,K70,N70,Q70,T70,W70,Z70,AC70,AF70,AI70,AL70,AO70,AR70,AU70) -> 0 | AY70: =SUM(F70,I70,L70,O70,R70,U70,X70,AA70,AD70,,AG70,AJ70,AM70,AP70,AS70,AV70) -> 0 | AZ70: =SUM(G70,J70,M70,P70,S70,V70,Y70,AB70,AE70,AH70,AK70,AN70,AQ70,AT70,AW70) -> 0 | BA70: =AZ70-AY70 -> 0
A71: 8 | B71: Yakult | C71: ='Data '!C67 -> 450 | D71: ='Data '!D67 -> 500 | E71: ='Setoran 1'!C71 -> 0 | F71: =E71*C71 -> 0 | G71: =E71*D71 -> 0 | H71: ='Setoran 1'!D71 -> 0 | I71: =H71*$C71 -> 0 | J71: =H71*$D71 -> 0 | K71: ='Setoran 1'!E71 -> 0 | L71: =K71*$C71 -> 0 | M71: =K71*$D71 -> 0 | N71: ='Setoran 1'!F71 -> 0 | O71: =N71*$C71 -> 0 | P71: =N71*$D71 -> 0 | Q71: ='Setoran 1'!G71 -> 0.14 | R71: =Q71*$C71 -> 63 | S71: =Q71*$D71 -> 70 | T71: ='Setoran 1'!H71 -> 0 | U71: =T71*$C71 -> 0 | V71: =T71*$D71 -> 0 | W71: ='Setoran 1'!I71 -> 0 | X71: =W71*$C71 -> 0 | Y71: =W71*$D71 -> 0 | Z71: ='Setoran 1'!J71 -> 0 | AA71: =Z71*$C71 -> 0 | AB71: =Z71*$D71 -> 0 | AC71: ='Setoran 1'!K71 -> 0 | AD71: =AC71*$C71 -> 0 | AE71: =AC71*$D71 -> 0 | AF71: ='Setoran 1'!L71 -> 0 | AG71: =AF71*$C71 -> 0 | AH71: =AF71*$D71 -> 0 | AI71: ='Setoran 1'!M71 -> 0 | AJ71: =AI71*$C71 -> 0 | AK71: =AI71*$D71 -> 0 | AL71: ='Setoran 1'!N71 -> 0 | AM71: =AL71*$C71 -> 0 | AN71: =AL71*$D71 -> 0 | AO71: ='Setoran 1'!O71 -> 0 | AP71: =AO71*$C71 -> 0 | AQ71: =AO71*$D71 -> 0 | AR71: ='Setoran 1'!P71 -> 0 | AS71: =AR71*$C71 -> 0 | AT71: =AR71*$D71 -> 0 | AU71: ='Setoran 1'!Q71 -> 0 | AV71: =AU71*$C71 -> 0 | AW71: =AU71*$D71 -> 0 | AX71: =SUM(E71,H71,K71,N71,Q71,T71,W71,Z71,AC71,AF71,AI71,AL71,AO71,AR71,AU71) -> 0.14 | AY71: =SUM(F71,I71,L71,O71,R71,U71,X71,AA71,AD71,,AG71,AJ71,AM71,AP71,AS71,AV71) -> 63 | AZ71: =SUM(G71,J71,M71,P71,S71,V71,Y71,AB71,AE71,AH71,AK71,AN71,AQ71,AT71,AW71) -> 70 | BA71: =AZ71-AY71 -> 7
A72: 9 | B72: Kelapa Daksina | C72: ='Data '!C68 -> 0 | D72: ='Data '!D68 -> 0 | E72: ='Setoran 1'!C72 -> 0 | F72: =E72*C72 -> 0 | G72: =E72*D72 -> 0 | H72: ='Setoran 1'!D72 -> 0 | I72: =H72*$C72 -> 0 | J72: =H72*$D72 -> 0 | K72: ='Setoran 1'!E72 -> 0 | L72: =K72*$C72 -> 0 | M72: =K72*$D72 -> 0 | N72: ='Setoran 1'!F72 -> 0 | O72: =N72*$C72 -> 0 | P72: =N72*$D72 -> 0 | Q72: ='Setoran 1'!G72 -> 0 | R72: =Q72*$C72 -> 0 | S72: =Q72*$D72 -> 0 | T72: ='Setoran 1'!H72 -> 0 | U72: =T72*$C72 -> 0 | V72: =T72*$D72 -> 0 | W72: ='Setoran 1'!I72 -> 0 | X72: =W72*$C72 -> 0 | Y72: =W72*$D72 -> 0 | Z72: ='Setoran 1'!J72 -> 0 | AA72: =Z72*$C72 -> 0 | AB72: =Z72*$D72 -> 0 | AC72: ='Setoran 1'!K72 -> 0 | AD72: =AC72*$C72 -> 0 | AE72: =AC72*$D72 -> 0 | AF72: ='Setoran 1'!L72 -> 0 | AG72: =AF72*$C72 -> 0 | AH72: =AF72*$D72 -> 0 | AI72: ='Setoran 1'!M72 -> 0 | AJ72: =AI72*$C72 -> 0 | AK72: =AI72*$D72 -> 0 | AL72: ='Setoran 1'!N72 -> 0 | AM72: =AL72*$C72 -> 0 | AN72: =AL72*$D72 -> 0 | AO72: ='Setoran 1'!O72 -> 0 | AP72: =AO72*$C72 -> 0 | AQ72: =AO72*$D72 -> 0 | AR72: ='Setoran 1'!P72 -> 0 | AS72: =AR72*$C72 -> 0 | AT72: =AR72*$D72 -> 0 | AU72: ='Setoran 1'!Q72 -> 0 | AV72: =AU72*$C72 -> 0 | AW72: =AU72*$D72 -> 0 | AX72: =SUM(E72,H72,K72,N72,Q72,T72,W72,Z72,AC72,AF72,AI72,AL72,AO72,AR72,AU72) -> 0 | AY72: =SUM(F72,I72,L72,O72,R72,U72,X72,AA72,AD72,,AG72,AJ72,AM72,AP72,AS72,AV72) -> 0 | AZ72: =SUM(G72,J72,M72,P72,S72,V72,Y72,AB72,AE72,AH72,AK72,AN72,AQ72,AT72,AW72) -> 0 | BA72: =AZ72-AY72 -> 0
A73: 10 | B73: Kulit kabel | C73: ='Data '!C69 -> 200 | D73: ='Data '!D69 -> 300 | E73: ='Setoran 1'!C73 -> 0 | F73: =E73*C73 -> 0 | G73: =E73*D73 -> 0 | H73: ='Setoran 1'!D73 -> 0 | I73: =H73*$C73 -> 0 | J73: =H73*$D73 -> 0 | K73: ='Setoran 1'!E73 -> 0 | L73: =K73*$C73 -> 0 | M73: =K73*$D73 -> 0 | N73: ='Setoran 1'!F73 -> 2.2 | O73: =N73*$C73 -> 440 | P73: =N73*$D73 -> 660 | Q73: ='Setoran 1'!G73 -> 0 | R73: =Q73*$C73 -> 0 | S73: =Q73*$D73 -> 0 | T73: ='Setoran 1'!H73 -> 1.31 | U73: =T73*$C73 -> 262 | V73: =T73*$D73 -> 393 | W73: ='Setoran 1'!I73 -> 0.4 | X73: =W73*$C73 -> 80 | Y73: =W73*$D73 -> 120 | Z73: ='Setoran 1'!J73 -> 0 | AA73: =Z73*$C73 -> 0 | AB73: =Z73*$D73 -> 0 | AC73: ='Setoran 1'!K73 -> 0 | AD73: =AC73*$C73 -> 0 | AE73: =AC73*$D73 -> 0 | AF73: ='Setoran 1'!L73 -> 0 | AG73: =AF73*$C73 -> 0 | AH73: =AF73*$D73 -> 0 | AI73: ='Setoran 1'!M73 -> 0 | AJ73: =AI73*$C73 -> 0 | AK73: =AI73*$D73 -> 0 | AL73: ='Setoran 1'!N73 -> 0 | AM73: =AL73*$C73 -> 0 | AN73: =AL73*$D73 -> 0 | AO73: ='Setoran 1'!O73 -> 0 | AP73: =AO73*$C73 -> 0 | AQ73: =AO73*$D73 -> 0 | AR73: ='Setoran 1'!P73 -> 0 | AS73: =AR73*$C73 -> 0 | AT73: =AR73*$D73 -> 0 | AU73: ='Setoran 1'!Q73 -> 0 | AV73: =AU73*$C73 -> 0 | AW73: =AU73*$D73 -> 0 | AX73: =SUM(E73,H73,K73,N73,Q73,T73,W73,Z73,AC73,AF73,AI73,AL73,AO73,AR73,AU73) -> 3.91 | AY73: =SUM(F73,I73,L73,O73,R73,U73,X73,AA73,AD73,,AG73,AJ73,AM73,AP73,AS73,AV73) -> 782 | AZ73: =SUM(G73,J73,M73,P73,S73,V73,Y73,AB73,AE73,AH73,AK73,AN73,AQ73,AT73,AW73) -> 1173 | BA73: =AZ73-AY73 -> 391
A74: 11 | B74: Boncos | C74: ='Data '!C70 -> 400 | D74: ='Data '!D70 -> 500 | E74: ='Setoran 1'!C74 -> 0 | F74: =E74*C74 -> 0 | G74: =E74*D74 -> 0 | H74: ='Setoran 1'!D74 -> 0 | I74: =H74*$C74 -> 0 | J74: =H74*$D74 -> 0 | K74: ='Setoran 1'!E74 -> 0 | L74: =K74*$C74 -> 0 | M74: =K74*$D74 -> 0 | N74: ='Setoran 1'!F74 -> 0 | O74: =N74*$C74 -> 0 | P74: =N74*$D74 -> 0 | Q74: ='Setoran 1'!G74 -> 0 | R74: =Q74*$C74 -> 0 | S74: =Q74*$D74 -> 0 | T74: ='Setoran 1'!H74 -> 0 | U74: =T74*$C74 -> 0 | V74: =T74*$D74 -> 0 | W74: ='Setoran 1'!I74 -> 0 | X74: =W74*$C74 -> 0 | Y74: =W74*$D74 -> 0 | Z74: ='Setoran 1'!J74 -> 0 | AA74: =Z74*$C74 -> 0 | AB74: =Z74*$D74 -> 0 | AC74: ='Setoran 1'!K74 -> 0 | AD74: =AC74*$C74 -> 0 | AE74: =AC74*$D74 -> 0 | AF74: ='Setoran 1'!L74 -> 0 | AG74: =AF74*$C74 -> 0 | AH74: =AF74*$D74 -> 0 | AI74: ='Setoran 1'!M74 -> 0 | AJ74: =AI74*$C74 -> 0 | AK74: =AI74*$D74 -> 0 | AL74: ='Setoran 1'!N74 -> 0 | AM74: =AL74*$C74 -> 0 | AN74: =AL74*$D74 -> 0 | AO74: ='Setoran 1'!O74 -> 0 | AP74: =AO74*$C74 -> 0 | AQ74: =AO74*$D74 -> 0 | AR74: ='Setoran 1'!P74 -> 0 | AS74: =AR74*$C74 -> 0 | AT74: =AR74*$D74 -> 0 | AU74: ='Setoran 1'!Q74 -> 0 | AV74: =AU74*$C74 -> 0 | AW74: =AU74*$D74 -> 0 | AX74: =SUM(E74,H74,K74,N74,Q74,T74,W74,Z74,AC74,AF74,AI74,AL74,AO74,AR74,AU74) -> 0 | AY74: =SUM(F74,I74,L74,O74,R74,U74,X74,AA74,AD74,,AG74,AJ74,AM74,AP74,AS74,AV74) -> 0 | AZ74: =SUM(G74,J74,M74,P74,S74,V74,Y74,AB74,AE74,AH74,AK74,AN74,AQ74,AT74,AW74) -> 0 | BA74: =AZ74-AY74 -> 0
A75: 12 | B75: Krat | C75: ='Data '!C71 -> 0 | D75: ='Data '!D71 -> 0 | E75: ='Setoran 1'!C75 -> 0 | F75: =E75*C75 -> 0 | G75: =E75*D75 -> 0 | H75: ='Setoran 1'!D75 -> 0 | I75: =H75*$C75 -> 0 | J75: =H75*$D75 -> 0 | K75: ='Setoran 1'!E75 -> 0 | L75: =K75*$C75 -> 0 | M75: =K75*$D75 -> 0 | N75: ='Setoran 1'!F75 -> 0 | O75: =N75*$C75 -> 0 | P75: =N75*$D75 -> 0 | Q75: ='Setoran 1'!G75 -> 0 | R75: =Q75*$C75 -> 0 | S75: =Q75*$D75 -> 0 | T75: ='Setoran 1'!H75 -> 0 | U75: =T75*$C75 -> 0 | V75: =T75*$D75 -> 0 | W75: ='Setoran 1'!I75 -> 0 | X75: =W75*$C75 -> 0 | Y75: =W75*$D75 -> 0 | Z75: ='Setoran 1'!J75 -> 0 | AA75: =Z75*$C75 -> 0 | AB75: =Z75*$D75 -> 0 | AC75: ='Setoran 1'!K75 -> 0 | AD75: =AC75*$C75 -> 0 | AE75: =AC75*$D75 -> 0 | AF75: ='Setoran 1'!L75 -> 0 | AG75: =AF75*$C75 -> 0 | AH75: =AF75*$D75 -> 0 | AI75: ='Setoran 1'!M75 -> 0 | AJ75: =AI75*$C75 -> 0 | AK75: =AI75*$D75 -> 0 | AL75: ='Setoran 1'!N75 -> 0 | AM75: =AL75*$C75 -> 0 | AN75: =AL75*$D75 -> 0 | AO75: ='Setoran 1'!O75 -> 0 | AP75: =AO75*$C75 -> 0 | AQ75: =AO75*$D75 -> 0 | AR75: ='Setoran 1'!P75 -> 0 | AS75: =AR75*$C75 -> 0 | AT75: =AR75*$D75 -> 0 | AU75: ='Setoran 1'!Q75 -> 0 | AV75: =AU75*$C75 -> 0 | AW75: =AU75*$D75 -> 0 | AX75: =SUM(E75,H75,K75,N75,Q75,T75,W75,Z75,AC75,AF75,AI75,AL75,AO75,AR75,AU75) -> 0 | AY75: =SUM(F75,I75,L75,O75,R75,U75,X75,AA75,AD75,,AG75,AJ75,AM75,AP75,AS75,AV75) -> 0 | AZ75: =SUM(G75,J75,M75,P75,S75,V75,Y75,AB75,AE75,AH75,AK75,AN75,AQ75,AT75,AW75) -> 0 | BA75: =AZ75-AY75 -> 0
A77: ='Data '!A74 -> TOTAL | E77: =SUM(E8:E76) -> 29.99 | F77: =SUM(F8:F76) -> 12104.25 | G77: =SUM(G8:G76) -> 14451 | H77: =SUM(H8:H76) -> 9.15 | I77: =SUM(I8:I76) -> 6044.75 | J77: =SUM(J8:J76) -> 6996 | K77: =SUM(K8:K76) -> 25.6 | L77: =SUM(L8:L76) -> 28160 | ... BA77: =SUM(BA8:BA76) -> 25997.75
A78: NB : Harga dapat berubah sewaktu-waktu

Sheet Rekap 2
A1: ='Setoran 1'!A1:R1 -> REKAP JUAL BELI SAMPAH NASABAH BALI ARUM (BALI WASTE CYCLE)
A2: ='Data '!A2 -> TANGGAL : 8 Agustus2026
A4: NO | B4: JENIS | C4: HARGA BELI | D4: HARGA JUAL | E4: NOMOR INDUK NASABAH | AX4: TOTAL | AY4: TOTAL BELI | AZ4: TOTAL JUAL | BA4: MARGIN
E5: ='Setoran 2'!C6 -> 0 | H5: ='Setoran 2'!D6 -> 0 | K5: ='Setoran 2'!E6 -> 0 | N5: ='Setoran 2'!F6 -> 0 | Q5: ='Setoran 2'!G6 -> 0 | T5: ='Setoran 2'!H6 -> 0 | W5: ='Setoran 2'!I6 -> 0 | Z5: ='Setoran 2'!J6 -> 0 | AC5: ='Setoran 2'!K6 -> 0 | AF5: ='Setoran 2'!L6 -> 0 | AI5: ='Setoran 2'!M6 -> 0 | AL5: ='Setoran 2'!N6 -> 0 | AO5: ='Setoran 2'!O6 -> 0 | AR5: ='Setoran 2'!P6 -> 0 | AU5: ='Setoran 2'!Q6 -> 0
E6: Berat Setoran | F6: Total Harga Beli | G6: Total Harga Jual | H6: Berat Setoran | I6: Total Harga Beli | J6: Total Harga Jual | K6: Berat Setoran | L6: Total Harga Beli | M6: Total Harga Jual | N6: Berat Setoran | O6: Total Harga Beli | P6: Total Harga Jual | Q6: Berat Setoran | R6: Total Harga Beli | S6: Total Harga Jual | T6: Berat Setoran | U6: Total Harga Beli | V6: Total Harga Jual | W6: Berat Setoran | X6: Total Harga Beli | Y6: Total Harga Jual | Z6: Berat Setoran | AA6: Total Harga Beli | AB6: Total Harga Jual | AC6: Berat Setoran | AD6: Total Harga Beli | AE6: Total Harga Jual | AF6: Berat Setoran | AG6: Total Harga Beli | AH6: Total Harga Jual | AI6: Berat Setoran | AJ6: Total Harga Beli | AK6: Total Harga Jual | AL6: Berat Setoran | AM6: Total Harga Beli | AN6: Total Harga Jual | AO6: Berat Setoran | AP6: Total Harga Beli | AQ6: Total Harga Jual | AR6: Berat Setoran | AS6: Total Harga Beli | AT6: Total Harga Jual | AU6: Berat Setoran | AV6: Total Harga Beli | AW6: Total Harga Jual
A7: PLASTIK
A8: 1 | B8: Rongsok Campur | C8: ='Data '!C8 -> 400 | D8: ='Data '!D8 -> 500 | E8: ='Setoran 2'!C8 -> 0 | F8: =E8*$C8 -> 0 | G8: =E8*$D8 -> 0 | H8: ='Setoran 2'!D8 -> 0 | I8: =H8*$C8 -> 0 | J8: =H8*$D8 -> 0 | K8: ='Setoran 2'!E8 -> 0 | L8: =K8*$C8 -> 0 | M8: =K8*$D8 -> 0 | N8: ='Setoran 2'!F8 -> 0 | O8: =N8*$C8 -> 0 | P8: =N8*$D8 -> 0 | Q8: ='Setoran 2'!G8 -> 0 | R8: =Q8*$C8 -> 0 | S8: =Q8*$D8 -> 0 | T8: ='Setoran 2'!H8 -> 0 | U8: =T8*$C8 -> 0 | V8: =T8*$D8 -> 0 | W8: ='Setoran 2'!I8 -> 0 | X8: =W8*$C8 -> 0 | Y8: =W8*$D8 -> 0 | Z8: ='Setoran 2'!J8 -> 0 | AA8: =Z8*$C8 -> 0 | AB8: =Z8*$D8 -> 0 | AC8: ='Setoran 2'!K8 -> 0 | AD8: =AC8*$C8 -> 0 | AE8: =AC8*$D8 -> 0 | AF8: ='Setoran 2'!L8 -> 0 | AG8: =AF8*$C8 -> 0 | AH8: =AF8*$D8 -> 0 | AI8: ='Setoran 2'!M8 -> 0 | AJ8: =AI8*$C8 -> 0 | AK8: =AI8*$D8 -> 0 | AL8: ='Setoran 2'!N8 -> 0 | AM8: =AL8*$C8 -> 0 | AN8: =AL8*$D8 -> 0 | AO8: ='Setoran 2'!O8 -> 0 | AP8: =AO8*$C8 -> 0 | AQ8: =AO8*$D8 -> 0 | AR8: ='Setoran 2'!P8 -> 0 | AS8: =AR8*$C8 -> 0 | AT8: =AR8*$D8 -> 0 | AU8: ='Setoran 2'!Q8 -> 0 | AV8: =AU8*$C8 -> 0 | AW8: =AU8*$D8 -> 0 | AX8: =SUM(E8,H8,K8,N8,Q8,T8,W8,Z8,AC8,AF8,AI8,AL8,AO8,AR8,AU8) -> 0 | AY8: =SUM(F8,I8,L8,O8,R8,U8,X8,AA8,AD8,,AG8,AJ8,AM8,AP8,AS8,AV8) -> 0 | AZ8: =SUM(G8,J8,M8,P8,S8,V8,Y8,AB8,AE8,AH8,AK8,AN8,AQ8,AT8,AW8) -> 0 | BA8: =AZ8-AY8 -> 0
A9: 2 | B9: PET Kotor | C9: ='Data '!C9 -> 400 | D9: ='Data '!D9 -> 500 | E9: ='Setoran 2'!C9 -> 0 | F9: =E9*$C9 -> 0 | G9: =E9*$D9 -> 0 | H9: ='Setoran 2'!D9 -> 0 | I9: =H9*$C9 -> 0 | J9: =H9*$D9 -> 0 | K9: ='Setoran 2'!E9 -> 0 | L9: =K9*$C9 -> 0 | M9: =K9*$D9 -> 0 | N9: ='Setoran 2'!F9 -> 0 | O9: =N9*$C9 -> 0 | P9: =N9*$D9 -> 0 | Q9: ='Setoran 2'!G9 -> 0 | R9: =Q9*$C9 -> 0 | S9: =Q9*$D9 -> 0 | T9: ='Setoran 2'!H9 -> 0 | U9: =T9*$C9 -> 0 | V9: =T9*$D9 -> 0 | W9: ='Setoran 2'!I9 -> 0 | X9: =W9*$C9 -> 0 | Y9: =W9*$D9 -> 0 | Z9: ='Setoran 2'!J9 -> 0 | AA9: =Z9*$C9 -> 0 | AB9: =Z9*$D9 -> 0 | AC9: ='Setoran 2'!K9 -> 0 | AD9: =AC9*$C9 -> 0 | AE9: =AC9*$D9 -> 0 | AF9: ='Setoran 2'!L9 -> 0 | AG9: =AF9*$C9 -> 0 | AH9: =AF9*$D9 -> 0 | AI9: ='Setoran 2'!M9 -> 0 | AJ9: =AI9*$C9 -> 0 | AK9: =AI9*$D9 -> 0 | AL9: ='Setoran 2'!N9 -> 0 | AM9: =AL9*$C9 -> 0 | AN9: =AL9*$D9 -> 0 | AO9: ='Setoran 2'!O9 -> 0 | AP9: =AO9*$C9 -> 0 | AQ9: =AO9*$D9 -> 0 | AR9: ='Setoran 2'!P9 -> 0 | AS9: =AR9*$C9 -> 0 | AT9: =AR9*$D9 -> 0 | AU9: ='Setoran 2'!Q9 -> 0 | AV9: =AU9*$C9 -> 0 | AW9: =AU9*$D9 -> 0 | AX9: =SUM(E9,H9,K9,N9,Q9,T9,W9,Z9,AC9,AF9,AI9,AL9,AO9,AR9,AU9) -> 0 | AY9: =SUM(F9,I9,L9,O9,R9,U9,X9,AA9,AD9,,AG9,AJ9,AM9,AP9,AS9,AV9) -> 0 | AZ9: =SUM(G9,J9,M9,P9,S9,V9,Y9,AB9,AE9,AH9,AK9,AN9,AQ9,AT9,AW9) -> 0 | BA9: =AZ9-AY9 -> 0
A10: 3 | B10: PET KW 2 | C10: ='Data '!C10 -> 300 | D10: ='Data '!D10 -> 400 | E10: ='Setoran 2'!C10 -> 0 | F10: =E10*$C10 -> 0 | G10: =E10*$D10 -> 0 | H10: ='Setoran 2'!D10 -> 0 | I10: =H10*$C10 -> 0 | J10: =H10*$D10 -> 0 | K10: ='Setoran 2'!E10 -> 0 | L10: =K10*$C10 -> 0 | M10: =K10*$D10 -> 0 | N10: ='Setoran 2'!F10 -> 0 | O10: =N10*$C10 -> 0 | P10: =N10*$D10 -> 0 | Q10: ='Setoran 2'!G10 -> 0 | R10: =Q10*$C10 -> 0 | S10: =Q10*$D10 -> 0 | T10: ='Setoran 2'!H10 -> 0 | U10: =T10*$C10 -> 0 | V10: =T10*$D10 -> 0 | W10: ='Setoran 2'!I10 -> 0 | X10: =W10*$C10 -> 0 | Y10: =W10*$D10 -> 0 | Z10: ='Setoran 2'!J10 -> 0 | AA10: =Z10*$C10 -> 0 | AB10: =Z10*$D10 -> 0 | AC10: ='Setoran 2'!K10 -> 0 | AD10: =AC10*$C10 -> 0 | AE10: =AC10*$D10 -> 0 | AF10: ='Setoran 2'!L10 -> 0 | AG10: =AF10*$C10 -> 0 | AH10: =AF10*$D10 -> 0 | AI10: ='Setoran 2'!M10 -> 0 | AJ10: =AI10*$C10 -> 0 | AK10: =AI10*$D10 -> 0 | AL10: ='Setoran 2'!N10 -> 0 | AM10: =AL10*$C10 -> 0 | AN10: =AL10*$D10 -> 0 | AO10: ='Setoran 2'!O10 -> 0 | AP10: =AO10*$C10 -> 0 | AQ10: =AO10*$D10 -> 0 | AR10: ='Setoran 2'!P10 -> 0 | AS10: =AR10*$C10 -> 0 | AT10: =AR10*$D10 -> 0 | AU10: ='Setoran 2'!Q10 -> 0 | AV10: =AU10*$C10 -> 0 | AW10: =AU10*$D10 -> 0 | AX10: =SUM(E10,H10,K10,N10,Q10,T10,W10,Z10,AC10,AF10,AI10,AL10,AO10,AR10,AU10) -> 0 | AY10: =SUM(F10,I10,L10,O10,R10,U10,X10,AA10,AD10,,AG10,AJ10,AM10,AP10,AS10,AV10) -> 0 | AZ10: =SUM(G10,J10,M10,P10,S10,V10,Y10,AB10,AE10,AH10,AK10,AN10,AQ10,AT10,AW10) -> 0 | BA10: =AZ10-AY10 -> 0
A11: 4 | B11: PET Bersih Bening | C11: ='Data '!C11 -> 2800 | D11: ='Data '!D11 -> 3000 | E11: ='Setoran 2'!C11 -> 0 | F11: =E11*$C11 -> 0 | G11: =E11*$D11 -> 0 | H11: ='Setoran 2'!D11 -> 0 | I11: =H11*$C11 -> 0 | J11: =H11*$D11 -> 0 | K11: ='Setoran 2'!E11 -> 0 | L11: =K11*$C11 -> 0 | M11: =K11*$D11 -> 0 | N11: ='Setoran 2'!F11 -> 0 | O11: =N11*$C11 -> 0 | P11: =N11*$D11 -> 0 | Q11: ='Setoran 2'!G11 -> 0 | R11: =Q11*$C11 -> 0 | S11: =Q11*$D11 -> 0 | T11: ='Setoran 2'!H11 -> 0 | U11: =T11*$C11 -> 0 | V11: =T11*$D11 -> 0 | W11: ='Setoran 2'!I11 -> 0 | X11: =W11*$C11 -> 0 | Y11: =W11*$D11 -> 0 | Z11: ='Setoran 2'!J11 -> 0 | AA11: =Z11*$C11 -> 0 | AB11: =Z11*$D11 -> 0 | AC11: ='Setoran 2'!K11 -> 0 | AD11: =AC11*$C11 -> 0 | AE11: =AC11*$D11 -> 0 | AF11: ='Setoran 2'!L11 -> 0 | AG11: =AF11*$C11 -> 0 | AH11: =AF11*$D11 -> 0 | AI11: ='Setoran 2'!M11 -> 0 | AJ11: =AI11*$C11 -> 0 | AK11: =AI11*$D11 -> 0 | AL11: ='Setoran 2'!N11 -> 0 | AM11: =AL11*$C11 -> 0 | AN11: =AL11*$D11 -> 0 | AO11: ='Setoran 2'!O11 -> 0 | AP11: =AO11*$C11 -> 0 | AQ11: =AO11*$D11 -> 0 | AR11: ='Setoran 2'!P11 -> 0 | AS11: =AR11*$C11 -> 0 | AT11: =AR11*$D11 -> 0 | AU11: ='Setoran 2'!Q11 -> 0 | AV11: =AU11*$C11 -> 0 | AW11: =AU11*$D11 -> 0 | AX11: =SUM(E11,H11,K11,N11,Q11,T11,W11,Z11,AC11,AF11,AI11,AL11,AO11,AR11,AU11) -> 0 | AY11: =SUM(F11,I11,L11,O11,R11,U11,X11,AA11,AD11,,AG11,AJ11,AM11,AP11,AS11,AV11) -> 0 | AZ11: =SUM(G11,J11,M11,P11,S11,V11,Y11,AB11,AE11,AH11,AK11,AN11,AQ11,AT11,AW11) -> 0 | BA11: =AZ11-AY11 -> 0
A12: 5 | B12: PET Bersih Biru Muda | C12: ='Data '!C12 -> 2400 | D12: ='Data '!D12 -> 2500 | E12: ='Setoran 2'!C12 -> 0 | F12: =E12*$C12 -> 0 | G12: =E12*$D12 -> 0 | H12: ='Setoran 2'!D12 -> 0 | I12: =H12*$C12 -> 0 | J12: =H12*$D12 -> 0 | K12: ='Setoran 2'!E12 -> 0 | L12: =K12*$C12 -> 0 | M12: =K12*$D12 -> 0 | N12: ='Setoran 2'!F12 -> 0 | O12: =N12*$C12 -> 0 | P12: =N12*$D12 -> 0 | Q12: ='Setoran 2'!G12 -> 0 | R12: =Q12*$C12 -> 0 | S12: =Q12*$D12 -> 0 | T12: ='Setoran 2'!H12 -> 0 | U12: =T12*$C12 -> 0 | V12: =T12*$D12 -> 0 | W12: ='Setoran 2'!I12 -> 0 | X12: =W12*$C12 -> 0 | Y12: =W12*$D12 -> 0 | Z12: ='Setoran 2'!J12 -> 0 | AA12: =Z12*$C12 -> 0 | AB12: =Z12*$D12 -> 0 | AC12: ='Setoran 2'!K12 -> 0 | AD12: =AC12*$C12 -> 0 | AE12: =AC12*$D12 -> 0 | AF12: ='Setoran 2'!L12 -> 0 | AG12: =AF12*$C12 -> 0 | AH12: =AF12*$D12 -> 0 | AI12: ='Setoran 2'!M12 -> 0 | AJ12: =AI12*$C12 -> 0 | AK12: =AI12*$D12 -> 0 | AL12: ='Setoran 2'!N12 -> 0 | AM12: =AL12*$C12 -> 0 | AN12: =AL12*$D12 -> 0 | AO12: ='Setoran 2'!O12 -> 0 | AP12: =AO12*$C12 -> 0 | AQ12: =AO12*$D12 -> 0 | AR12: ='Setoran 2'!P12 -> 0 | AS12: =AR12*$C12 -> 0 | AT12: =AR12*$D12 -> 0 | AU12: ='Setoran 2'!Q12 -> 0 | AV12: =AU12*$C12 -> 0 | AW12: =AU12*$D12 -> 0 | AX12: =SUM(E12,H12,K12,N12,Q12,T12,W12,Z12,AC12,AF12,AI12,AL12,AO12,AR12,AU12) -> 0 | AY12: =SUM(F12,I12,L12,O12,R12,U12,X12,AA12,AD12,,AG12,AJ12,AM12,AP12,AS12,AV12) -> 0 | AZ12: =SUM(G12,J12,M12,P12,S12,V12,Y12,AB12,AE12,AH12,AK12,AN12,AQ12,AT12,AW12) -> 0 | BA12: =AZ12-AY12 -> 0
A13: 6 | B13: PET Bersih Warna | C13: ='Data '!C13 -> 700 | D13: ='Data '!D13 -> 800 | E13: ='Setoran 2'!C13 -> 0 | F13: =E13*$C13 -> 0 | G13: =E13*$D13 -> 0 | H13: ='Setoran 2'!D13 -> 0 | I13: =H13*$C13 -> 0 | J13: =H13*$D13 -> 0 | K13: ='Setoran 2'!E13 -> 0 | L13: =K13*$C13 -> 0 | M13: =K13*$D13 -> 0 | N13: ='Setoran 2'!F13 -> 0 | O13: =N13*$C13 -> 0 | P13: =N13*$D13 -> 0 | Q13: ='Setoran 2'!G13 -> 0 | R13: =Q13*$C13 -> 0 | S13: =Q13*$D13 -> 0 | T13: ='Setoran 2'!H13 -> 0 | U13: =T13*$C13 -> 0 | V13: =T13*$D13 -> 0 | W13: ='Setoran 2'!I13 -> 0 | X13: =W13*$C13 -> 0 | Y13: =W13*$D13 -> 0 | Z13: ='Setoran 2'!J13 -> 0 | AA13: =Z13*$C13 -> 0 | AB13: =Z13*$D13 -> 0 | AC13: ='Setoran 2'!K13 -> 0 | AD13: =AC13*$C13 -> 0 | AE13: =AC13*$D13 -> 0 | AF13: ='Setoran 2'!L13 -> 0 | AG13: =AF13*$C13 -> 0 | AH13: =AF13*$D13 -> 0 | AI13: ='Setoran 2'!M13 -> 0 | AJ13: =AI13*$C13 -> 0 | AK13: =AI13*$D13 -> 0 | AL13: ='Setoran 2'!N13 -> 0 | AM13: =AL13*$C13 -> 0 | AN13: =AL13*$D13 -> 0 | AO13: ='Setoran 2'!O13 -> 0 | AP13: =AO13*$C13 -> 0 | AQ13: =AO13*$D13 -> 0 | AR13: ='Setoran 2'!P13 -> 0 | AS13: =AR13*$C13 -> 0 | AT13: =AR13*$D13 -> 0 | AU13: ='Setoran 2'!Q13 -> 0 | AV13: =AU13*$C13 -> 0 | AW13: =AU13*$D13 -> 0 | AX13: =SUM(E13,H13,K13,N13,Q13,T13,W13,Z13,AC13,AF13,AI13,AL13,AO13,AR13,AU13) -> 0 | AY13: =SUM(F13,I13,L13,O13,R13,U13,X13,AA13,AD13,,AG13,AJ13,AM13,AP13,AS13,AV13) -> 0 | AZ13: =SUM(G13,J13,M13,P13,S13,V13,Y13,AB13,AE13,AH13,AK13,AN13,AQ13,AT13,AW13) -> 0 | BA13: =AZ13-AY13 -> 0
A14: 7 | B14: PET Bersih Campur | C14: ='Data '!C14 -> 1600 | D14: ='Data '!D14 -> 1700 | E14: ='Setoran 2'!C14 -> 0 | F14: =E14*$C14 -> 0 | G14: =E14*$D14 -> 0 | H14: ='Setoran 2'!D14 -> 0 | I14: =H14*$C14 -> 0 | J14: =H14*$D14 -> 0 | K14: ='Setoran 2'!E14 -> 0 | L14: =K14*$C14 -> 0 | M14: =K14*$D14 -> 0 | N14: ='Setoran 2'!F14 -> 0 | O14: =N14*$C14 -> 0 | P14: =N14*$D14 -> 0 | Q14: ='Setoran 2'!G14 -> 0 | R14: =Q14*$C14 -> 0 | S14: =Q14*$D14 -> 0 | T14: ='Setoran 2'!H14 -> 0 | U14: =T14*$C14 -> 0 | V14: =T14*$D14 -> 0 | W14: ='Setoran 2'!I14 -> 0 | X14: =W14*$C14 -> 0 | Y14: =W14*$D14 -> 0 | Z14: ='Setoran 2'!J14 -> 0 | AA14: =Z14*$C14 -> 0 | AB14: =Z14*$D14 -> 0 | AC14: ='Setoran 2'!K14 -> 0 | AD14: =AC14*$C14 -> 0 | AE14: =AC14*$D14 -> 0 | AF14: ='Setoran 2'!L14 -> 0 | AG14: =AF14*$C14 -> 0 | AH14: =AF14*$D14 -> 0 | AI14: ='Setoran 2'!M14 -> 0 | AJ14: =AI14*$C14 -> 0 | AK14: =AI14*$D14 -> 0 | AL14: ='Setoran 2'!N14 -> 0 | AM14: =AL14*$C14 -> 0 | AN14: =AL14*$D14 -> 0 | AO14: ='Setoran 2'!O14 -> 0 | AP14: =AO14*$C14 -> 0 | AQ14: =AO14*$D14 -> 0 | AR14: ='Setoran 2'!P14 -> 0 | AS14: =AR14*$C14 -> 0 | AT14: =AR14*$D14 -> 0 | AU14: ='Setoran 2'!Q14 -> 0 | AV14: =AU14*$C14 -> 0 | AW14: =AU14*$D14 -> 0 | AX14: =SUM(E14,H14,K14,N14,Q14,T14,W14,Z14,AC14,AF14,AI14,AL14,AO14,AR14,AU14) -> 0 | AY14: =SUM(F14,I14,L14,O14,R14,U14,X14,AA14,AD14,,AG14,AJ14,AM14,AP14,AS14,AV14) -> 0 | AZ14: =SUM(G14,J14,M14,P14,S14,V14,Y14,AB14,AE14,AH14,AK14,AN14,AQ14,AT14,AW14) -> 0 | BA14: =AZ14-AY14 -> 0
A15: PLASTIK RIGID / BERBENTUK
A16: 1 | B16: Putihan (HDPE & jenis lainnya) | C16: ='Data '!C15 -> 1800 | D16: ='Data '!D15 -> 2000 | E16: ='Setoran 2'!C16 -> 0 | F16: =E16*$C16 -> 0 | G16: =E16*$D16 -> 0 | H16: ='Setoran 2'!D16 -> 0 | I16: =H16*$C16 -> 0 | J16: =H16*$D16 -> 0 | K16: ='Setoran 2'!E16 -> 0 | L16: =K16*$C16 -> 0 | M16: =K16*$D16 -> 0 | N16: ='Setoran 2'!F16 -> 0 | O16: =N16*$C16 -> 0 | P16: =N16*$D16 -> 0 | Q16: ='Setoran 2'!G16 -> 0 | R16: =Q16*$C16 -> 0 | S16: =Q16*$D16 -> 0 | T16: ='Setoran 2'!H16 -> 0 | U16: =T16*$C16 -> 0 | V16: =T16*$D16 -> 0 | W16: ='Setoran 2'!I16 -> 0 | X16: =W16*$C16 -> 0 | Y16: =W16*$D16 -> 0 | Z16: ='Setoran 2'!J16 -> 0 | AA16: =Z16*$C16 -> 0 | AB16: =Z16*$D16 -> 0 | AC16: ='Setoran 2'!K16 -> 0 | AD16: =AC16*$C16 -> 0 | AE16: =AC16*$D16 -> 0 | AF16: ='Setoran 2'!L16 -> 0 | AG16: =AF16*$C16 -> 0 | AH16: =AF16*$D16 -> 0 | AI16: ='Setoran 2'!M16 -> 0 | AJ16: =AI16*$C16 -> 0 | AK16: =AI16*$D16 -> 0 | AL16: ='Setoran 2'!N16 -> 0 | AM16: =AL16*$C16 -> 0 | AN16: =AL16*$D16 -> 0 | AO16: ='Setoran 2'!O16 -> 0 | AP16: =AO16*$C16 -> 0 | AQ16: =AO16*$D16 -> 0 | AR16: ='Setoran 2'!P16 -> 0 | AS16: =AR16*$C16 -> 0 | AT16: =AR16*$D16 -> 0 | AU16: ='Setoran 2'!Q16 -> 0 | AV16: =AU16*$C16 -> 0 | AW16: =AU16*$D16 -> 0 | AX16: =SUM(E16,H16,K16,N16,Q16,T16,W16,Z16,AC16,AF16,AI16,AL16,AO16,AR16,AU16) -> 0 | AY16: =SUM(F16,I16,L16,O16,R16,U16,X16,AA16,AD16,,AG16,AJ16,AM16,AP16,AS16,AV16) -> 0 | AZ16: =SUM(G16,J16,M16,P16,S16,V16,Y16,AB16,AE16,AH16,AK16,AN16,AQ16,AT16,AW16) -> 0 | BA16: =AZ16-AY16 -> 0
A17: 2 | B17: Jerigen Bening bersih/ Jirigen minyak | C17: ='Data '!C16 -> 2400 | D17: ='Data '!D16 -> 2500 | E17: ='Setoran 2'!C17 -> 0 | F17: =E17*$C17 -> 0 | G17: =E17*$D17 -> 0 | H17: ='Setoran 2'!D17 -> 0 | I17: =H17*$C17 -> 0 | J17: =H17*$D17 -> 0 | K17: ='Setoran 2'!E17 -> 0 | L17: =K17*$C17 -> 0 | M17: =K17*$D17 -> 0 | N17: ='Setoran 2'!F17 -> 0 | O17: =N17*$C17 -> 0 | P17: =N17*$D17 -> 0 | Q17: ='Setoran 2'!G17 -> 0 | R17: =Q17*$C17 -> 0 | S17: =Q17*$D17 -> 0 | T17: ='Setoran 2'!H17 -> 0 | U17: =T17*$C17 -> 0 | V17: =T17*$D17 -> 0 | W17: ='Setoran 2'!I17 -> 0 | X17: =W17*$C17 -> 0 | Y17: =W17*$D17 -> 0 | Z17: ='Setoran 2'!J17 -> 0 | AA17: =Z17*$C17 -> 0 | AB17: =Z17*$D17 -> 0 | AC17: ='Setoran 2'!K17 -> 0 | AD17: =AC17*$C17 -> 0 | AE17: =AC17*$D17 -> 0 | AF17: ='Setoran 2'!L17 -> 0 | AG17: =AF17*$C17 -> 0 | AH17: =AF17*$D17 -> 0 | AI17: ='Setoran 2'!M17 -> 0 | AJ17: =AI17*$C17 -> 0 | AK17: =AI17*$D17 -> 0 | AL17: ='Setoran 2'!N17 -> 0 | AM17: =AL17*$C17 -> 0 | AN17: =AL17*$D17 -> 0 | AO17: ='Setoran 2'!O17 -> 0 | AP17: =AO17*$C17 -> 0 | AQ17: =AO17*$D17 -> 0 | AR17: ='Setoran 2'!P17 -> 0 | AS17: =AR17*$C17 -> 0 | AT17: =AR17*$D17 -> 0 | AU17: ='Setoran 2'!Q17 -> 0 | AV17: =AU17*$C17 -> 0 | AW17: =AU17*$D17 -> 0 | AX17: =SUM(E17,H17,K17,N17,Q17,T17,W17,Z17,AC17,AF17,AI17,AL17,AO17,AR17,AU17) -> 0 | AY17: =SUM(F17,I17,L17,O17,R17,U17,X17,AA17,AD17,,AG17,AJ17,AM17,AP17,AS17,AV17) -> 0 | AZ17: =SUM(G17,J17,M17,P17,S17,V17,Y17,AB17,AE17,AH17,AK17,AN17,AQ17,AT17,AW17) -> 0 | BA17: =AZ17-AY17 -> 0
A18: 3 | B18: Jerigen warna / bening tapi mangkak | C18: ='Data '!C17 -> 1900 | D18: ='Data '!D17 -> 2000 | E18: ='Setoran 2'!C18 -> 0 | F18: =E18*$C18 -> 0 | G18: =E18*$D18 -> 0 | H18: ='Setoran 2'!D18 -> 0 | I18: =H18*$C18 -> 0 | J18: =H18*$D18 -> 0 | K18: ='Setoran 2'!E18 -> 0 | L18: =K18*$C18 -> 0 | M18: =K18*$D18 -> 0 | N18: ='Setoran 2'!F18 -> 0 | O18: =N18*$C18 -> 0 | P18: =N18*$D18 -> 0 | Q18: ='Setoran 2'!G18 -> 0 | R18: =Q18*$C18 -> 0 | S18: =Q18*$D18 -> 0 | T18: ='Setoran 2'!H18 -> 0 | U18: =T18*$C18 -> 0 | V18: =T18*$D18 -> 0 | W18: ='Setoran 2'!I18 -> 0 | X18: =W18*$C18 -> 0 | Y18: =W18*$D18 -> 0 | Z18: ='Setoran 2'!J18 -> 0 | AA18: =Z18*$C18 -> 0 | AB18: =Z18*$D18 -> 0 | AC18: ='Setoran 2'!K18 -> 0 | AD18: =AC18*$C18 -> 0 | AE18: =AC18*$D18 -> 0 | AF18: ='Setoran 2'!L18 -> 0 | AG18: =AF18*$C18 -> 0 | AH18: =AF18*$D18 -> 0 | AI18: ='Setoran 2'!M18 -> 0 | AJ18: =AI18*$C18 -> 0 | AK18: =AI18*$D18 -> 0 | AL18: ='Setoran 2'!N18 -> 0 | AM18: =AL18*$C18 -> 0 | AN18: =AL18*$D18 -> 0 | AO18: ='Setoran 2'!O18 -> 0 | AP18: =AO18*$C18 -> 0 | AQ18: =AO18*$D18 -> 0 | AR18: ='Setoran 2'!P18 -> 0 | AS18: =AR18*$C18 -> 0 | AT18: =AR18*$D18 -> 0 | AU18: ='Setoran 2'!Q18 -> 0 | AV18: =AU18*$C18 -> 0 | AW18: =AU18*$D18 -> 0 | AX18: =SUM(E18,H18,K18,N18,Q18,T18,W18,Z18,AC18,AF18,AI18,AL18,AO18,AR18,AU18) -> 0 | AY18: =SUM(F18,I18,L18,O18,R18,U18,X18,AA18,AD18,,AG18,AJ18,AM18,AP18,AS18,AV18) -> 0 | AZ18: =SUM(G18,J18,M18,P18,S18,V18,Y18,AB18,AE18,AH18,AK18,AN18,AQ18,AT18,AW18) -> 0 | BA18: =AZ18-AY18 -> 0
A19: 4 | B19: Tutup PET (HDPE) | C19: ='Data '!C18 -> 1800 | D19: ='Data '!D18 -> 2000 | E19: ='Setoran 2'!C19 -> 0 | F19: =E19*$C19 -> 0 | G19: =E19*$D19 -> 0 | H19: ='Setoran 2'!D19 -> 0 | I19: =H19*$C19 -> 0 | J19: =H19*$D19 -> 0 | K19: ='Setoran 2'!E19 -> 0 | L19: =K19*$C19 -> 0 | M19: =K19*$D19 -> 0 | N19: ='Setoran 2'!F19 -> 0 | O19: =N19*$C19 -> 0 | P19: =N19*$D19 -> 0 | Q19: ='Setoran 2'!G19 -> 0 | R19: =Q19*$C19 -> 0 | S19: =Q19*$D19 -> 0 | T19: ='Setoran 2'!H19 -> 0 | U19: =T19*$C19 -> 0 | V19: =T19*$D19 -> 0 | W19: ='Setoran 2'!I19 -> 0 | X19: =W19*$C19 -> 0 | Y19: =W19*$D19 -> 0 | Z19: ='Setoran 2'!J19 -> 0 | AA19: =Z19*$C19 -> 0 | AB19: =Z19*$D19 -> 0 | AC19: ='Setoran 2'!K19 -> 0 | AD19: =AC19*$C19 -> 0 | AE19: =AC19*$D19 -> 0 | AF19: ='Setoran 2'!L19 -> 0 | AG19: =AF19*$C19 -> 0 | AH19: =AF19*$D19 -> 0 | AI19: ='Setoran 2'!M19 -> 0 | AJ19: =AI19*$C19 -> 0 | AK19: =AI19*$D19 -> 0 | AL19: ='Setoran 2'!N19 -> 0 | AM19: =AL19*$C19 -> 0 | AN19: =AL19*$D19 -> 0 | AO19: ='Setoran 2'!O19 -> 0 | AP19: =AO19*$C19 -> 0 | AQ19: =AO19*$D19 -> 0 | AR19: ='Setoran 2'!P19 -> 0 | AS19: =AR19*$C19 -> 0 | AT19: =AR19*$D19 -> 0 | AU19: ='Setoran 2'!Q19 -> 0 | AV19: =AU19*$C19 -> 0 | AW19: =AU19*$D19 -> 0 | AX19: =SUM(E19,H19,K19,N19,Q19,T19,W19,Z19,AC19,AF19,AI19,AL19,AO19,AR19,AU19) -> 0 | AY19: =SUM(F19,I19,L19,O19,R19,U19,X19,AA19,AD19,,AG19,AJ19,AM19,AP19,AS19,AV19) -> 0 | AZ19: =SUM(G19,J19,M19,P19,S19,V19,Y19,AB19,AE19,AH19,AK19,AN19,AQ19,AT19,AW19) -> 0 | BA19: =AZ19-AY19 -> 0
A20: 5 | B20: Tutup Galon (LDPE) | C20: ='Data '!C19 -> 1700 | D20: ='Data '!D19 -> 1800 | E20: ='Setoran 2'!C20 -> 0 | F20: =E20*$C20 -> 0 | G20: =E20*$D20 -> 0 | H20: ='Setoran 2'!D20 -> 0 | I20: =H20*$C20 -> 0 | J20: =H20*$D20 -> 0 | K20: ='Setoran 2'!E20 -> 0 | L20: =K20*$C20 -> 0 | M20: =K20*$D20 -> 0 | N20: ='Setoran 2'!F20 -> 0 | O20: =N20*$C20 -> 0 | P20: =N20*$D20 -> 0 | Q20: ='Setoran 2'!G20 -> 0 | R20: =Q20*$C20 -> 0 | S20: =Q20*$D20 -> 0 | T20: ='Setoran 2'!H20 -> 0 | U20: =T20*$C20 -> 0 | V20: =T20*$D20 -> 0 | W20: ='Setoran 2'!I20 -> 0 | X20: =W20*$C20 -> 0 | Y20: =W20*$D20 -> 0 | Z20: ='Setoran 2'!J20 -> 0 | AA20: =Z20*$C20 -> 0 | AB20: =Z20*$D20 -> 0 | AC20: ='Setoran 2'!K20 -> 0 | AD20: =AC20*$C20 -> 0 | AE20: =AC20*$D20 -> 0 | AF20: ='Setoran 2'!L20 -> 0 | AG20: =AF20*$C20 -> 0 | AH20: =AF20*$D20 -> 0 | AI20: ='Setoran 2'!M20 -> 0 | AJ20: =AI20*$C20 -> 0 | AK20: =AI20*$D20 -> 0 | AL20: ='Setoran 2'!N20 -> 0 | AM20: =AL20*$C20 -> 0 | AN20: =AL20*$D20 -> 0 | AO20: ='Setoran 2'!O20 -> 0 | AP20: =AO20*$C20 -> 0 | AQ20: =AO20*$D20 -> 0 | AR20: ='Setoran 2'!P20 -> 0 | AS20: =AR20*$C20 -> 0 | AT20: =AR20*$D20 -> 0 | AU20: ='Setoran 2'!Q20 -> 0 | AV20: =AU20*$C20 -> 0 | AW20: =AU20*$D20 -> 0 | AX20: =SUM(E20,H20,K20,N20,Q20,T20,W20,Z20,AC20,AF20,AI20,AL20,AO20,AR20,AU20) -> 0 | AY20: =SUM(F20,I20,L20,O20,R20,U20,X20,AA20,AD20,,AG20,AJ20,AM20,AP20,AS20,AV20) -> 0 | AZ20: =SUM(G20,J20,M20,P20,S20,V20,Y20,AB20,AE20,AH20,AK20,AN20,AQ20,AT20,AW20) -> 0 | BA20: =AZ20-AY20 -> 0
A21: 6 | B21: Tutup campur | C21: ='Data '!C20 -> 0 | D21: ='Data '!D20 -> 0 | E21: ='Setoran 2'!C21 -> 0 | F21: =E21*$C21 -> 0 | G21: =E21*$D21 -> 0 | H21: ='Setoran 2'!D21 -> 0 | I21: =H21*$C21 -> 0 | J21: =H21*$D21 -> 0 | K21: ='Setoran 2'!E21 -> 0 | L21: =K21*$C21 -> 0 | M21: =K21*$D21 -> 0 | N21: ='Setoran 2'!F21 -> 0 | O21: =N21*$C21 -> 0 | P21: =N21*$D21 -> 0 | Q21: ='Setoran 2'!G21 -> 0 | R21: =Q21*$C21 -> 0 | S21: =Q21*$D21 -> 0 | T21: ='Setoran 2'!H21 -> 0 | U21: =T21*$C21 -> 0 | V21: =T21*$D21 -> 0 | W21: ='Setoran 2'!I21 -> 0 | X21: =W21*$C21 -> 0 | Y21: =W21*$D21 -> 0 | Z21: ='Setoran 2'!J21 -> 0 | AA21: =Z21*$C21 -> 0 | AB21: =Z21*$D21 -> 0 | AC21: ='Setoran 2'!K21 -> 0 | AD21: =AC21*$C21 -> 0 | AE21: =AC21*$D21 -> 0 | AF21: ='Setoran 2'!L21 -> 0 | AG21: =AF21*$C21 -> 0 | AH21: =AF21*$D21 -> 0 | AI21: ='Setoran 2'!M21 -> 0 | AJ21: =AI21*$C21 -> 0 | AK21: =AI21*$D21 -> 0 | AL21: ='Setoran 2'!N21 -> 0 | AM21: =AL21*$C21 -> 0 | AN21: =AL21*$D21 -> 0 | AO21: ='Setoran 2'!O21 -> 0 | AP21: =AO21*$C21 -> 0 | AQ21: =AO21*$D21 -> 0 | AR21: ='Setoran 2'!P21 -> 0 | AS21: =AR21*$C21 -> 0 | AT21: =AR21*$D21 -> 0 | AU21: ='Setoran 2'!Q21 -> 0 | AV21: =AU21*$C21 -> 0 | AW21: =AU21*$D21 -> 0 | AX21: =SUM(E21,H21,K21,N21,Q21,T21,W21,Z21,AC21,AF21,AI21,AL21,AO21,AR21,AU21) -> 0 | AY21: =SUM(F21,I21,L21,O21,R21,U21,X21,AA21,AD21,,AG21,AJ21,AM21,AP21,AS21,AV21) -> 0 | AZ21: =SUM(G21,J21,M21,P21,S21,V21,Y21,AB21,AE21,AH21,AK21,AN21,AQ21,AT21,AW21) -> 0 | BA21: =AZ21-AY21 -> 0
A22: 7 | B22: PP Emberan Campur | C22: ='Data '!C21 -> 900 | D22: ='Data '!D21 -> 1000 | E22: ='Setoran 2'!C22 -> 0 | F22: =E22*$C22 -> 0 | G22: =E22*$D22 -> 0 | H22: ='Setoran 2'!D22 -> 0 | I22: =H22*$C22 -> 0 | J22: =H22*$D22 -> 0 | K22: ='Setoran 2'!E22 -> 0 | L22: =K22*$C22 -> 0 | M22: =K22*$D22 -> 0 | N22: ='Setoran 2'!F22 -> 0 | O22: =N22*$C22 -> 0 | P22: =N22*$D22 -> 0 | Q22: ='Setoran 2'!G22 -> 0 | R22: =Q22*$C22 -> 0 | S22: =Q22*$D22 -> 0 | T22: ='Setoran 2'!H22 -> 0 | U22: =T22*$C22 -> 0 | V22: =T22*$D22 -> 0 | W22: ='Setoran 2'!I22 -> 0 | X22: =W22*$C22 -> 0 | Y22: =W22*$D22 -> 0 | Z22: ='Setoran 2'!J22 -> 0 | AA22: =Z22*$C22 -> 0 | AB22: =Z22*$D22 -> 0 | AC22: ='Setoran 2'!K22 -> 0 | AD22: =AC22*$C22 -> 0 | AE22: =AC22*$D22 -> 0 | AF22: ='Setoran 2'!L22 -> 0 | AG22: =AF22*$C22 -> 0 | AH22: =AF22*$D22 -> 0 | AI22: ='Setoran 2'!M22 -> 0 | AJ22: =AI22*$C22 -> 0 | AK22: =AI22*$D22 -> 0 | AL22: ='Setoran 2'!N22 -> 0 | AM22: =AL22*$C22 -> 0 | AN22: =AL22*$D22 -> 0 | AO22: ='Setoran 2'!O22 -> 0 | AP22: =AO22*$C22 -> 0 | AQ22: =AO22*$D22 -> 0 | AR22: ='Setoran 2'!P22 -> 0 | AS22: =AR22*$C22 -> 0 | AT22: =AR22*$D22 -> 0 | AU22: ='Setoran 2'!Q22 -> 0 | AV22: =AU22*$C22 -> 0 | AW22: =AU22*$D22 -> 0 | AX22: =SUM(E22,H22,K22,N22,Q22,T22,W22,Z22,AC22,AF22,AI22,AL22,AO22,AR22,AU22) -> 0 | AY22: =SUM(F22,I22,L22,O22,R22,U22,X22,AA22,AD22,,AG22,AJ22,AM22,AP22,AS22,AV22) -> 0 | AZ22: =SUM(G22,J22,M22,P22,S22,V22,Y22,AB22,AE22,AH22,AK22,AN22,AQ22,AT22,AW22) -> 0 | BA22: =AZ22-AY22 -> 0
A23: 8 | B23: PP Emberan warna | C23: ='Data '!C22 -> 900 | D23: ='Data '!D22 -> 1000 | E23: ='Setoran 2'!C23 -> 0 | F23: =E23*$C23 -> 0 | G23: =E23*$D23 -> 0 | H23: ='Setoran 2'!D23 -> 0 | I23: =H23*$C23 -> 0 | J23: =H23*$D23 -> 0 | K23: ='Setoran 2'!E23 -> 0 | L23: =K23*$C23 -> 0 | M23: =K23*$D23 -> 0 | N23: ='Setoran 2'!F23 -> 0 | O23: =N23*$C23 -> 0 | P23: =N23*$D23 -> 0 | Q23: ='Setoran 2'!G23 -> 0 | R23: =Q23*$C23 -> 0 | S23: =Q23*$D23 -> 0 | T23: ='Setoran 2'!H23 -> 0 | U23: =T23*$C23 -> 0 | V23: =T23*$D23 -> 0 | W23: ='Setoran 2'!I23 -> 0 | X23: =W23*$C23 -> 0 | Y23: =W23*$D23 -> 0 | Z23: ='Setoran 2'!J23 -> 0 | AA23: =Z23*$C23 -> 0 | AB23: =Z23*$D23 -> 0 | AC23: ='Setoran 2'!K23 -> 0 | AD23: =AC23*$C23 -> 0 | AE23: =AC23*$D23 -> 0 | AF23: ='Setoran 2'!L23 -> 0 | AG23: =AF23*$C23 -> 0 | AH23: =AF23*$D23 -> 0 | AI23: ='Setoran 2'!M23 -> 0 | AJ23: =AI23*$C23 -> 0 | AK23: =AI23*$D23 -> 0 | AL23: ='Setoran 2'!N23 -> 0 | AM23: =AL23*$C23 -> 0 | AN23: =AL23*$D23 -> 0 | AO23: ='Setoran 2'!O23 -> 0 | AP23: =AO23*$C23 -> 0 | AQ23: =AO23*$D23 -> 0 | AR23: ='Setoran 2'!P23 -> 0 | AS23: =AR23*$C23 -> 0 | AT23: =AR23*$D23 -> 0 | AU23: ='Setoran 2'!Q23 -> 0 | AV23: =AU23*$C23 -> 0 | AW23: =AU23*$D23 -> 0 | AX23: =SUM(E23,H23,K23,N23,Q23,T23,W23,Z23,AC23,AF23,AI23,AL23,AO23,AR23,AU23) -> 0 | AY23: =SUM(F23,I23,L23,O23,R23,U23,X23,AA23,AD23,,AG23,AJ23,AM23,AP23,AS23,AV23) -> 0 | AZ23: =SUM(G23,J23,M23,P23,S23,V23,Y23,AB23,AE23,AH23,AK23,AN23,AQ23,AT23,AW23) -> 0 | BA23: =AZ23-AY23 -> 0
A24: 9 | B24: PP Emberan Hitam | C24: ='Data '!C23 -> 900 | D24: ='Data '!D23 -> 1000 | E24: ='Setoran 2'!C24 -> 0 | F24: =E24*$C24 -> 0 | G24: =E24*$D24 -> 0 | H24: ='Setoran 2'!D24 -> 0 | I24: =H24*$C24 -> 0 | J24: =H24*$D24 -> 0 | K24: ='Setoran 2'!E24 -> 0 | L24: =K24*$C24 -> 0 | M24: =K24*$D24 -> 0 | N24: ='Setoran 2'!F24 -> 0 | O24: =N24*$C24 -> 0 | P24: =N24*$D24 -> 0 | Q24: ='Setoran 2'!G24 -> 0 | R24: =Q24*$C24 -> 0 | S24: =Q24*$D24 -> 0 | T24: ='Setoran 2'!H24 -> 0 | U24: =T24*$C24 -> 0 | V24: =T24*$D24 -> 0 | W24: ='Setoran 2'!I24 -> 0 | X24: =W24*$C24 -> 0 | Y24: =W24*$D24 -> 0 | Z24: ='Setoran 2'!J24 -> 0 | AA24: =Z24*$C24 -> 0 | AB24: =Z24*$D24 -> 0 | AC24: ='Setoran 2'!K24 -> 0 | AD24: =AC24*$C24 -> 0 | AE24: =AC24*$D24 -> 0 | AF24: ='Setoran 2'!L24 -> 0 | AG24: =AF24*$C24 -> 0 | AH24: =AF24*$D24 -> 0 | AI24: ='Setoran 2'!M24 -> 0 | AJ24: =AI24*$C24 -> 0 | AK24: =AI24*$D24 -> 0 | AL24: ='Setoran 2'!N24 -> 0 | AM24: =AL24*$C24 -> 0 | AN24: =AL24*$D24 -> 0 | AO24: ='Setoran 2'!O24 -> 0 | AP24: =AO24*$C24 -> 0 | AQ24: =AO24*$D24 -> 0 | AR24: ='Setoran 2'!P24 -> 0 | AS24: =AR24*$C24 -> 0 | AT24: =AR24*$D24 -> 0 | AU24: ='Setoran 2'!Q24 -> 0 | AV24: =AU24*$C24 -> 0 | AW24: =AU24*$D24 -> 0 | AX24: =SUM(E24,H24,K24,N24,Q24,T24,W24,Z24,AC24,AF24,AI24,AL24,AO24,AR24,AU24) -> 0 | AY24: =SUM(F24,I24,L24,O24,R24,U24,X24,AA24,AD24,,AG24,AJ24,AM24,AP24,AS24,AV24) -> 0 | AZ24: =SUM(G24,J24,M24,P24,S24,V24,Y24,AB24,AE24,AH24,AK24,AN24,AQ24,AT24,AW24) -> 0 | BA24: =AZ24-AY24 -> 0
A25: 10 | B25: PC Galon UTUH / BIJI | C25: ='Data '!C24 -> 1300 | D25: ='Data '!D24 -> 1500 | E25: ='Setoran 2'!C25 -> 0 | F25: =E25*$C25 -> 0 | G25: =E25*$D25 -> 0 | H25: ='Setoran 2'!D25 -> 0 | I25: =H25*$C25 -> 0 | J25: =H25*$D25 -> 0 | K25: ='Setoran 2'!E25 -> 0 | L25: =K25*$C25 -> 0 | M25: =K25*$D25 -> 0 | N25: ='Setoran 2'!F25 -> 0 | O25: =N25*$C25 -> 0 | P25: =N25*$D25 -> 0 | Q25: ='Setoran 2'!G25 -> 0 | R25: =Q25*$C25 -> 0 | S25: =Q25*$D25 -> 0 | T25: ='Setoran 2'!H25 -> 0 | U25: =T25*$C25 -> 0 | V25: =T25*$D25 -> 0 | W25: ='Setoran 2'!I25 -> 0 | X25: =W25*$C25 -> 0 | Y25: =W25*$D25 -> 0 | Z25: ='Setoran 2'!J25 -> 0 | AA25: =Z25*$C25 -> 0 | AB25: =Z25*$D25 -> 0 | AC25: ='Setoran 2'!K25 -> 0 | AD25: =AC25*$C25 -> 0 | AE25: =AC25*$D25 -> 0 | AF25: ='Setoran 2'!L25 -> 0 | AG25: =AF25*$C25 -> 0 | AH25: =AF25*$D25 -> 0 | AI25: ='Setoran 2'!M25 -> 0 | AJ25: =AI25*$C25 -> 0 | AK25: =AI25*$D25 -> 0 | AL25: ='Setoran 2'!N25 -> 0 | AM25: =AL25*$C25 -> 0 | AN25: =AL25*$D25 -> 0 | AO25: ='Setoran 2'!O25 -> 0 | AP25: =AO25*$C25 -> 0 | AQ25: =AO25*$D25 -> 0 | AR25: ='Setoran 2'!P25 -> 0 | AS25: =AR25*$C25 -> 0 | AT25: =AR25*$D25 -> 0 | AU25: ='Setoran 2'!Q25 -> 0 | AV25: =AU25*$C25 -> 0 | AW25: =AU25*$D25 -> 0 | AX25: =SUM(E25,H25,K25,N25,Q25,T25,W25,Z25,AC25,AF25,AI25,AL25,AO25,AR25,AU25) -> 0 | AY25: =SUM(F25,I25,L25,O25,R25,U25,X25,AA25,AD25,,AG25,AJ25,AM25,AP25,AS25,AV25) -> 0 | AZ25: =SUM(G25,J25,M25,P25,S25,V25,Y25,AB25,AE25,AH25,AK25,AN25,AQ25,AT25,AW25) -> 0 | BA25: =AZ25-AY25 -> 0
A26: 11 | B26: PC Galon PECAH / KG | C26: ='Data '!C25 -> 800 | D26: ='Data '!D25 -> 1000 | E26: ='Setoran 2'!C26 -> 0 | F26: =E26*$C26 -> 0 | G26: =E26*$D26 -> 0 | H26: ='Setoran 2'!D26 -> 0 | I26: =H26*$C26 -> 0 | J26: =H26*$D26 -> 0 | K26: ='Setoran 2'!E26 -> 0 | L26: =K26*$C26 -> 0 | M26: =K26*$D26 -> 0 | N26: ='Setoran 2'!F26 -> 0 | O26: =N26*$C26 -> 0 | P26: =N26*$D26 -> 0 | Q26: ='Setoran 2'!G26 -> 0 | R26: =Q26*$C26 -> 0 | S26: =Q26*$D26 -> 0 | T26: ='Setoran 2'!H26 -> 0 | U26: =T26*$C26 -> 0 | V26: =T26*$D26 -> 0 | W26: ='Setoran 2'!I26 -> 0 | X26: =W26*$C26 -> 0 | Y26: =W26*$D26 -> 0 | Z26: ='Setoran 2'!J26 -> 0 | AA26: =Z26*$C26 -> 0 | AB26: =Z26*$D26 -> 0 | AC26: ='Setoran 2'!K26 -> 0 | AD26: =AC26*$C26 -> 0 | AE26: =AC26*$D26 -> 0 | AF26: ='Setoran 2'!L26 -> 0 | AG26: =AF26*$C26 -> 0 | AH26: =AF26*$D26 -> 0 | AI26: ='Setoran 2'!M26 -> 0 | AJ26: =AI26*$C26 -> 0 | AK26: =AI26*$D26 -> 0 | AL26: ='Setoran 2'!N26 -> 0 | AM26: =AL26*$C26 -> 0 | AN26: =AL26*$D26 -> 0 | AO26: ='Setoran 2'!O26 -> 0 | AP26: =AO26*$C26 -> 0 | AQ26: =AO26*$D26 -> 0 | AR26: ='Setoran 2'!P26 -> 0 | AS26: =AR26*$C26 -> 0 | AT26: =AR26*$D26 -> 0 | AU26: ='Setoran 2'!Q26 -> 0 | AV26: =AU26*$C26 -> 0 | AW26: =AU26*$D26 -> 0 | AX26: =SUM(E26,H26,K26,N26,Q26,T26,W26,Z26,AC26,AF26,AI26,AL26,AO26,AR26,AU26) -> 0 | AY26: =SUM(F26,I26,L26,O26,R26,U26,X26,AA26,AD26,,AG26,AJ26,AM26,AP26,AS26,AV26) -> 0 | AZ26: =SUM(G26,J26,M26,P26,S26,V26,Y26,AB26,AE26,AH26,AK26,AN26,AQ26,AT26,AW26) -> 0 | BA26: =AZ26-AY26 -> 0
A27: GELASAN
A28: 1 | B28: Aqua Gelas Kotor | C28: ='Data '!C26 -> 1100 | D28: ='Data '!D26 -> 1200 | E28: ='Setoran 2'!C28 -> 0 | F28: =E28*$C28 -> 0 | G28: =E28*$D28 -> 0 | H28: ='Setoran 2'!D28 -> 0 | I28: =H28*$C28 -> 0 | J28: =H28*$D28 -> 0 | K28: ='Setoran 2'!E28 -> 0 | L28: =K28*$C28 -> 0 | M28: =K28*$D28 -> 0 | N28: ='Setoran 2'!F28 -> 0 | O28: =N28*$C28 -> 0 | P28: =N28*$D28 -> 0 | Q28: ='Setoran 2'!G28 -> 0 | R28: =Q28*$C28 -> 0 | S28: =Q28*$D28 -> 0 | T28: ='Setoran 2'!H28 -> 0 | U28: =T28*$C28 -> 0 | V28: =T28*$D28 -> 0 | W28: ='Setoran 2'!I28 -> 0 | X28: =W28*$C28 -> 0 | Y28: =W28*$D28 -> 0 | Z28: ='Setoran 2'!J28 -> 0 | AA28: =Z28*$C28 -> 0 | AB28: =Z28*$D28 -> 0 | AC28: ='Setoran 2'!K28 -> 0 | AD28: =AC28*$C28 -> 0 | AE28: =AC28*$D28 -> 0 | AF28: ='Setoran 2'!L28 -> 0 | AG28: =AF28*$C28 -> 0 | AH28: =AF28*$D28 -> 0 | AI28: ='Setoran 2'!M28 -> 0 | AJ28: =AI28*$C28 -> 0 | AK28: =AI28*$D28 -> 0 | AL28: ='Setoran 2'!N28 -> 0 | AM28: =AL28*$C28 -> 0 | AN28: =AL28*$D28 -> 0 | AO28: ='Setoran 2'!O28 -> 0 | AP28: =AO28*$C28 -> 0 | AQ28: =AO28*$D28 -> 0 | AR28: ='Setoran 2'!P28 -> 0 | AS28: =AR28*$C28 -> 0 | AT28: =AR28*$D28 -> 0 | AU28: ='Setoran 2'!Q28 -> 0 | AV28: =AU28*$C28 -> 0 | AW28: =AU28*$D28 -> 0 | AX28: =SUM(E28,H28,K28,N28,Q28,T28,W28,Z28,AC28,AF28,AI28,AL28,AO28,AR28,AU28) -> 0 | AY28: =SUM(F28,I28,L28,O28,R28,U28,X28,AA28,AD28,,AG28,AJ28,AM28,AP28,AS28,AV28) -> 0 | AZ28: =SUM(G28,J28,M28,P28,S28,V28,Y28,AB28,AE28,AH28,AK28,AN28,AQ28,AT28,AW28) -> 0 | BA28: =AZ28-AY28 -> 0
A29: 2 | B29: Aqua Gelas Bersih | C29: ='Data '!C27 -> 1900 | D29: ='Data '!D27 -> 2000 | E29: ='Setoran 2'!C29 -> 0 | F29: =E29*$C29 -> 0 | G29: =E29*$D29 -> 0 | H29: ='Setoran 2'!D29 -> 0 | I29: =H29*$C29 -> 0 | J29: =H29*$D29 -> 0 | K29: ='Setoran 2'!E29 -> 0 | L29: =K29*$C29 -> 0 | M29: =K29*$D29 -> 0 | N29: ='Setoran 2'!F29 -> 0 | O29: =N29*$C29 -> 0 | P29: =N29*$D29 -> 0 | Q29: ='Setoran 2'!G29 -> 0 | R29: =Q29*$C29 -> 0 | S29: =Q29*$D29 -> 0 | T29: ='Setoran 2'!H29 -> 0 | U29: =T29*$C29 -> 0 | V29: =T29*$D29 -> 0 | W29: ='Setoran 2'!I29 -> 0 | X29: =W29*$C29 -> 0 | Y29: =W29*$D29 -> 0 | Z29: ='Setoran 2'!J29 -> 0 | AA29: =Z29*$C29 -> 0 | AB29: =Z29*$D29 -> 0 | AC29: ='Setoran 2'!K29 -> 0 | AD29: =AC29*$C29 -> 0 | AE29: =AC29*$D29 -> 0 | AF29: ='Setoran 2'!L29 -> 0 | AG29: =AF29*$C29 -> 0 | AH29: =AF29*$D29 -> 0 | AI29: ='Setoran 2'!M29 -> 0 | AJ29: =AI29*$C29 -> 0 | AK29: =AI29*$D29 -> 0 | AL29: ='Setoran 2'!N29 -> 0 | AM29: =AL29*$C29 -> 0 | AN29: =AL29*$D29 -> 0 | AO29: ='Setoran 2'!O29 -> 0 | AP29: =AO29*$C29 -> 0 | AQ29: =AO29*$D29 -> 0 | AR29: ='Setoran 2'!P29 -> 0 | AS29: =AR29*$C29 -> 0 | AT29: =AR29*$D29 -> 0 | AU29: ='Setoran 2'!Q29 -> 0 | AV29: =AU29*$C29 -> 0 | AW29: =AU29*$D29 -> 0 | AX29: =SUM(E29,H29,K29,N29,Q29,T29,W29,Z29,AC29,AF29,AI29,AL29,AO29,AR29,AU29) -> 0 | AY29: =SUM(F29,I29,L29,O29,R29,U29,X29,AA29,AD29,,AG29,AJ29,AM29,AP29,AS29,AV29) -> 0 | AZ29: =SUM(G29,J29,M29,P29,S29,V29,Y29,AB29,AE29,AH29,AK29,AN29,AQ29,AT29,AW29) -> 0 | BA29: =AZ29-AY29 -> 0
A30: 3 | B30: Mountea/Sablon | C30: ='Data '!C28 -> 900 | D30: ='Data '!D28 -> 1000 | E30: ='Setoran 2'!C30 -> 0 | F30: =E30*$C30 -> 0 | G30: =E30*$D30 -> 0 | H30: ='Setoran 2'!D30 -> 0 | I30: =H30*$C30 -> 0 | J30: =H30*$D30 -> 0 | K30: ='Setoran 2'!E30 -> 0 | L30: =K30*$C30 -> 0 | M30: =K30*$D30 -> 0 | N30: ='Setoran 2'!F30 -> 0 | O30: =N30*$C30 -> 0 | P30: =N30*$D30 -> 0 | Q30: ='Setoran 2'!G30 -> 0 | R30: =Q30*$C30 -> 0 | S30: =Q30*$D30 -> 0 | T30: ='Setoran 2'!H30 -> 0 | U30: =T30*$C30 -> 0 | V30: =T30*$D30 -> 0 | W30: ='Setoran 2'!I30 -> 0 | X30: =W30*$C30 -> 0 | Y30: =W30*$D30 -> 0 | Z30: ='Setoran 2'!J30 -> 0 | AA30: =Z30*$C30 -> 0 | AB30: =Z30*$D30 -> 0 | AC30: ='Setoran 2'!K30 -> 0 | AD30: =AC30*$C30 -> 0 | AE30: =AC30*$D30 -> 0 | AF30: ='Setoran 2'!L30 -> 0 | AG30: =AF30*$C30 -> 0 | AH30: =AF30*$D30 -> 0 | AI30: ='Setoran 2'!M30 -> 0 | AJ30: =AI30*$C30 -> 0 | AK30: =AI30*$D30 -> 0 | AL30: ='Setoran 2'!N30 -> 0 | AM30: =AL30*$C30 -> 0 | AN30: =AL30*$D30 -> 0 | AO30: ='Setoran 2'!O30 -> 0 | AP30: =AO30*$C30 -> 0 | AQ30: =AO30*$D30 -> 0 | AR30: ='Setoran 2'!P30 -> 0 | AS30: =AR30*$C30 -> 0 | AT30: =AR30*$D30 -> 0 | AU30: ='Setoran 2'!Q30 -> 0 | AV30: =AU30*$C30 -> 0 | AW30: =AU30*$D30 -> 0 | AX30: =SUM(E30,H30,K30,N30,Q30,T30,W30,Z30,AC30,AF30,AI30,AL30,AO30,AR30,AU30) -> 0 | AY30: =SUM(F30,I30,L30,O30,R30,U30,X30,AA30,AD30,,AG30,AJ30,AM30,AP30,AS30,AV30) -> 0 | AZ30: =SUM(G30,J30,M30,P30,S30,V30,Y30,AB30,AE30,AH30,AK30,AN30,AQ30,AT30,AW30) -> 0 | BA30: =AZ30-AY30 -> 0
A31: PLASTIK FLEKSIBEL / LEMBARAN
A32: 1 | B32: Plastik Bening PE & PP | C32: ='Data '!C29 -> 400 | D32: ='Data '!D29 -> 500 | E32: ='Setoran 2'!C32 -> 0 | F32: =E32*$C32 -> 0 | G32: =E32*$D32 -> 0 | H32: ='Setoran 2'!D32 -> 0 | I32: =H32*$C32 -> 0 | J32: =H32*$D32 -> 0 | K32: ='Setoran 2'!E32 -> 0 | L32: =K32*$C32 -> 0 | M32: =K32*$D32 -> 0 | N32: ='Setoran 2'!F32 -> 0 | O32: =N32*$C32 -> 0 | P32: =N32*$D32 -> 0 | Q32: ='Setoran 2'!G32 -> 0 | R32: =Q32*$C32 -> 0 | S32: =Q32*$D32 -> 0 | T32: ='Setoran 2'!H32 -> 0 | U32: =T32*$C32 -> 0 | V32: =T32*$D32 -> 0 | W32: ='Setoran 2'!I32 -> 0 | X32: =W32*$C32 -> 0 | Y32: =W32*$D32 -> 0 | Z32: ='Setoran 2'!J32 -> 0 | AA32: =Z32*$C32 -> 0 | AB32: =Z32*$D32 -> 0 | AC32: ='Setoran 2'!K32 -> 0 | AD32: =AC32*$C32 -> 0 | AE32: =AC32*$D32 -> 0 | AF32: ='Setoran 2'!L32 -> 0 | AG32: =AF32*$C32 -> 0 | AH32: =AF32*$D32 -> 0 | AI32: ='Setoran 2'!M32 -> 0 | AJ32: =AI32*$C32 -> 0 | AK32: =AI32*$D32 -> 0 | AL32: ='Setoran 2'!N32 -> 0 | AM32: =AL32*$C32 -> 0 | AN32: =AL32*$D32 -> 0 | AO32: ='Setoran 2'!O32 -> 0 | AP32: =AO32*$C32 -> 0 | AQ32: =AO32*$D32 -> 0 | AR32: ='Setoran 2'!P32 -> 0 | AS32: =AR32*$C32 -> 0 | AT32: =AR32*$D32 -> 0 | AU32: ='Setoran 2'!Q32 -> 0 | AV32: =AU32*$C32 -> 0 | AW32: =AU32*$D32 -> 0 | AX32: =SUM(E32,H32,K32,N32,Q32,T32,W32,Z32,AC32,AF32,AI32,AL32,AO32,AR32,AU32) -> 0 | AY32: =SUM(F32,I32,L32,O32,R32,U32,X32,AA32,AD32,,AG32,AJ32,AM32,AP32,AS32,AV32) -> 0 | AZ32: =SUM(G32,J32,M32,P32,S32,V32,Y32,AB32,AE32,AH32,AK32,AN32,AQ32,AT32,AW32) -> 0 | BA32: =AZ32-AY32 -> 0
A33: 2 | B33: HD Kresek | C33: ='Data '!C30 -> 50 | D33: ='Data '!D30 -> 100 | E33: ='Setoran 2'!C33 -> 0 | F33: =E33*$C33 -> 0 | G33: =E33*$D33 -> 0 | H33: ='Setoran 2'!D33 -> 0 | I33: =H33*$C33 -> 0 | J33: =H33*$D33 -> 0 | K33: ='Setoran 2'!E33 -> 0 | L33: =K33*$C33 -> 0 | M33: =K33*$D33 -> 0 | N33: ='Setoran 2'!F33 -> 0 | O33: =N33*$C33 -> 0 | P33: =N33*$D33 -> 0 | Q33: ='Setoran 2'!G33 -> 0 | R33: =Q33*$C33 -> 0 | S33: =Q33*$D33 -> 0 | T33: ='Setoran 2'!H33 -> 0 | U33: =T33*$C33 -> 0 | V33: =T33*$D33 -> 0 | W33: ='Setoran 2'!I33 -> 0 | X33: =W33*$C33 -> 0 | Y33: =W33*$D33 -> 0 | Z33: ='Setoran 2'!J33 -> 0 | AA33: =Z33*$C33 -> 0 | AB33: =Z33*$D33 -> 0 | AC33: ='Setoran 2'!K33 -> 0 | AD33: =AC33*$C33 -> 0 | AE33: =AC33*$D33 -> 0 | AF33: ='Setoran 2'!L33 -> 0 | AG33: =AF33*$C33 -> 0 | AH33: =AF33*$D33 -> 0 | AI33: ='Setoran 2'!M33 -> 0 | AJ33: =AI33*$C33 -> 0 | AK33: =AI33*$D33 -> 0 | AL33: ='Setoran 2'!N33 -> 0 | AM33: =AL33*$C33 -> 0 | AN33: =AL33*$D33 -> 0 | AO33: ='Setoran 2'!O33 -> 0 | AP33: =AO33*$C33 -> 0 | AQ33: =AO33*$D33 -> 0 | AR33: ='Setoran 2'!P33 -> 0 | AS33: =AR33*$C33 -> 0 | AT33: =AR33*$D33 -> 0 | AU33: ='Setoran 2'!Q33 -> 0 | AV33: =AU33*$C33 -> 0 | AW33: =AU33*$D33 -> 0 | AX33: =SUM(E33,H33,K33,N33,Q33,T33,W33,Z33,AC33,AF33,AI33,AL33,AO33,AR33,AU33) -> 0 | AY33: =SUM(F33,I33,L33,O33,R33,U33,X33,AA33,AD33,,AG33,AJ33,AM33,AP33,AS33,AV33) -> 0 | AZ33: =SUM(G33,J33,M33,P33,S33,V33,Y33,AB33,AE33,AH33,AK33,AN33,AQ33,AT33,AW33) -> 0 | BA33: =AZ33-AY33 -> 0
A34: 3 | B34: Kresek Campur | C34: ='Data '!C31 -> 50 | D34: ='Data '!D31 -> 100 | E34: ='Setoran 2'!C34 -> 0 | F34: =E34*$C34 -> 0 | G34: =E34*$D34 -> 0 | H34: ='Setoran 2'!D34 -> 0 | I34: =H34*$C34 -> 0 | J34: =H34*$D34 -> 0 | K34: ='Setoran 2'!E34 -> 0 | L34: =K34*$C34 -> 0 | M34: =K34*$D34 -> 0 | N34: ='Setoran 2'!F34 -> 0 | O34: =N34*$C34 -> 0 | P34: =N34*$D34 -> 0 | Q34: ='Setoran 2'!G34 -> 0 | R34: =Q34*$C34 -> 0 | S34: =Q34*$D34 -> 0 | T34: ='Setoran 2'!H34 -> 0 | U34: =T34*$C34 -> 0 | V34: =T34*$D34 -> 0 | W34: ='Setoran 2'!I34 -> 0 | X34: =W34*$C34 -> 0 | Y34: =W34*$D34 -> 0 | Z34: ='Setoran 2'!J34 -> 0 | AA34: =Z34*$C34 -> 0 | AB34: =Z34*$D34 -> 0 | AC34: ='Setoran 2'!K34 -> 0 | AD34: =AC34*$C34 -> 0 | AE34: =AC34*$D34 -> 0 | AF34: ='Setoran 2'!L34 -> 0 | AG34: =AF34*$C34 -> 0 | AH34: =AF34*$D34 -> 0 | AI34: ='Setoran 2'!M34 -> 0 | AJ34: =AI34*$C34 -> 0 | AK34: =AI34*$D34 -> 0 | AL34: ='Setoran 2'!N34 -> 0 | AM34: =AL34*$C34 -> 0 | AN34: =AL34*$D34 -> 0 | AO34: ='Setoran 2'!O34 -> 0 | AP34: =AO34*$C34 -> 0 | AQ34: =AO34*$D34 -> 0 | AR34: ='Setoran 2'!P34 -> 0 | AS34: =AR34*$C34 -> 0 | AT34: =AR34*$D34 -> 0 | AU34: ='Setoran 2'!Q34 -> 0 | AV34: =AU34*$C34 -> 0 | AW34: =AU34*$D34 -> 0 | AX34: =SUM(E34,H34,K34,N34,Q34,T34,W34,Z34,AC34,AF34,AI34,AL34,AO34,AR34,AU34) -> 0 | AY34: =SUM(F34,I34,L34,O34,R34,U34,X34,AA34,AD34,,AG34,AJ34,AM34,AP34,AS34,AV34) -> 0 | AZ34: =SUM(G34,J34,M34,P34,S34,V34,Y34,AB34,AE34,AH34,AK34,AN34,AQ34,AT34,AW34) -> 0 | BA34: =AZ34-AY34 -> 0
A35: 4 | B35: LLDPE Pouch | C35: ='Data '!C32 -> 40 | D35: ='Data '!D32 -> 50 | E35: ='Setoran 2'!C35 -> 0 | F35: =E35*$C35 -> 0 | G35: =E35*$D35 -> 0 | H35: ='Setoran 2'!D35 -> 0 | I35: =H35*$C35 -> 0 | J35: =H35*$D35 -> 0 | K35: ='Setoran 2'!E35 -> 0 | L35: =K35*$C35 -> 0 | M35: =K35*$D35 -> 0 | N35: ='Setoran 2'!F35 -> 0 | O35: =N35*$C35 -> 0 | P35: =N35*$D35 -> 0 | Q35: ='Setoran 2'!G35 -> 0 | R35: =Q35*$C35 -> 0 | S35: =Q35*$D35 -> 0 | T35: ='Setoran 2'!H35 -> 0 | U35: =T35*$C35 -> 0 | V35: =T35*$D35 -> 0 | W35: ='Setoran 2'!I35 -> 0 | X35: =W35*$C35 -> 0 | Y35: =W35*$D35 -> 0 | Z35: ='Setoran 2'!J35 -> 0 | AA35: =Z35*$C35 -> 0 | AB35: =Z35*$D35 -> 0 | AC35: ='Setoran 2'!K35 -> 0 | AD35: =AC35*$C35 -> 0 | AE35: =AC35*$D35 -> 0 | AF35: ='Setoran 2'!L35 -> 0 | AG35: =AF35*$C35 -> 0 | AH35: =AF35*$D35 -> 0 | AI35: ='Setoran 2'!M35 -> 0 | AJ35: =AI35*$C35 -> 0 | AK35: =AI35*$D35 -> 0 | AL35: ='Setoran 2'!N35 -> 0 | AM35: =AL35*$C35 -> 0 | AN35: =AL35*$D35 -> 0 | AO35: ='Setoran 2'!O35 -> 0 | AP35: =AO35*$C35 -> 0 | AQ35: =AO35*$D35 -> 0 | AR35: ='Setoran 2'!P35 -> 0 | AS35: =AR35*$C35 -> 0 | AT35: =AR35*$D35 -> 0 | AU35: ='Setoran 2'!Q35 -> 0 | AV35: =AU35*$C35 -> 0 | AW35: =AU35*$D35 -> 0 | AX35: =SUM(E35,H35,K35,N35,Q35,T35,W35,Z35,AC35,AF35,AI35,AL35,AO35,AR35,AU35) -> 0 | AY35: =SUM(F35,I35,L35,O35,R35,U35,X35,AA35,AD35,,AG35,AJ35,AM35,AP35,AS35,AV35) -> 0 | AZ35: =SUM(G35,J35,M35,P35,S35,V35,Y35,AB35,AE35,AH35,AK35,AN35,AQ35,AT35,AW35) -> 0 | BA35: =AZ35-AY35 -> 0
A36: 5 | B36: PP Sablon lembaran | C36: ='Data '!C33 -> 40 | D36: ='Data '!D33 -> 50 | E36: ='Setoran 2'!C36 -> 0 | F36: =E36*$C36 -> 0 | G36: =E36*$D36 -> 0 | H36: ='Setoran 2'!D36 -> 0 | I36: =H36*$C36 -> 0 | J36: =H36*$D36 -> 0 | K36: ='Setoran 2'!E36 -> 0 | L36: =K36*$C36 -> 0 | M36: =K36*$D36 -> 0 | N36: ='Setoran 2'!F36 -> 0 | O36: =N36*$C36 -> 0 | P36: =N36*$D36 -> 0 | Q36: ='Setoran 2'!G36 -> 0 | R36: =Q36*$C36 -> 0 | S36: =Q36*$D36 -> 0 | T36: ='Setoran 2'!H36 -> 0 | U36: =T36*$C36 -> 0 | V36: =T36*$D36 -> 0 | W36: ='Setoran 2'!I36 -> 0 | X36: =W36*$C36 -> 0 | Y36: =W36*$D36 -> 0 | Z36: ='Setoran 2'!J36 -> 0 | AA36: =Z36*$C36 -> 0 | AB36: =Z36*$D36 -> 0 | AC36: ='Setoran 2'!K36 -> 0 | AD36: =AC36*$C36 -> 0 | AE36: =AC36*$D36 -> 0 | AF36: ='Setoran 2'!L36 -> 0 | AG36: =AF36*$C36 -> 0 | AH36: =AF36*$D36 -> 0 | AI36: ='Setoran 2'!M36 -> 0 | AJ36: =AI36*$C36 -> 0 | AK36: =AI36*$D36 -> 0 | AL36: ='Setoran 2'!N36 -> 0 | AM36: =AL36*$C36 -> 0 | AN36: =AL36*$D36 -> 0 | AO36: ='Setoran 2'!O36 -> 0 | AP36: =AO36*$C36 -> 0 | AQ36: =AO36*$D36 -> 0 | AR36: ='Setoran 2'!P36 -> 0 | AS36: =AR36*$C36 -> 0 | AT36: =AR36*$D36 -> 0 | AU36: ='Setoran 2'!Q36 -> 0 | AV36: =AU36*$C36 -> 0 | AW36: =AU36*$D36 -> 0 | AX36: =SUM(E36,H36,K36,N36,Q36,T36,W36,Z36,AC36,AF36,AI36,AL36,AO36,AR36,AU36) -> 0 | AY36: =SUM(F36,I36,L36,O36,R36,U36,X36,AA36,AD36,,AG36,AJ36,AM36,AP36,AS36,AV36) -> 0 | AZ36: =SUM(G36,J36,M36,P36,S36,V36,Y36,AB36,AE36,AH36,AK36,AN36,AQ36,AT36,AW36) -> 0 | BA36: =AZ36-AY36 -> 0
A37: 6 | B37: Multi Layer | C37: ='Data '!C34 -> 250 | D37: ='Data '!D34 -> 300 | E37: ='Setoran 2'!C37 -> 0 | F37: =E37*$C37 -> 0 | G37: =E37*$D37 -> 0 | H37: ='Setoran 2'!D37 -> 0 | I37: =H37*$C37 -> 0 | J37: =H37*$D37 -> 0 | K37: ='Setoran 2'!E37 -> 0 | L37: =K37*$C37 -> 0 | M37: =K37*$D37 -> 0 | N37: ='Setoran 2'!F37 -> 0 | O37: =N37*$C37 -> 0 | P37: =N37*$D37 -> 0 | Q37: ='Setoran 2'!G37 -> 0 | R37: =Q37*$C37 -> 0 | S37: =Q37*$D37 -> 0 | T37: ='Setoran 2'!H37 -> 0 | U37: =T37*$C37 -> 0 | V37: =T37*$D37 -> 0 | W37: ='Setoran 2'!I37 -> 0 | X37: =W37*$C37 -> 0 | Y37: =W37*$D37 -> 0 | Z37: ='Setoran 2'!J37 -> 0 | AA37: =Z37*$C37 -> 0 | AB37: =Z37*$D37 -> 0 | AC37: ='Setoran 2'!K37 -> 0 | AD37: =AC37*$C37 -> 0 | AE37: =AC37*$D37 -> 0 | AF37: ='Setoran 2'!L37 -> 0 | AG37: =AF37*$C37 -> 0 | AH37: =AF37*$D37 -> 0 | AI37: ='Setoran 2'!M37 -> 0 | AJ37: =AI37*$C37 -> 0 | AK37: =AI37*$D37 -> 0 | AL37: ='Setoran 2'!N37 -> 0 | AM37: =AL37*$C37 -> 0 | AN37: =AL37*$D37 -> 0 | AO37: ='Setoran 2'!O37 -> 0 | AP37: =AO37*$C37 -> 0 | AQ37: =AO37*$D37 -> 0 | AR37: ='Setoran 2'!P37 -> 0 | AS37: =AR37*$C37 -> 0 | AT37: =AR37*$D37 -> 0 | AU37: ='Setoran 2'!Q37 -> 0 | AV37: =AU37*$C37 -> 0 | AW37: =AU37*$D37 -> 0 | AX37: =SUM(E37,H37,K37,N37,Q37,T37,W37,Z37,AC37,AF37,AI37,AL37,AO37,AR37,AU37) -> 0 | AY37: =SUM(F37,I37,L37,O37,R37,U37,X37,AA37,AD37,,AG37,AJ37,AM37,AP37,AS37,AV37) -> 0 | AZ37: =SUM(G37,J37,M37,P37,S37,V37,Y37,AB37,AE37,AH37,AK37,AN37,AQ37,AT37,AW37) -> 0 | BA37: =AZ37-AY37 -> 0
A38: KERASAN
A39: 1 | B39: Kerasan / PS/ ABS | C39: ='Data '!C35 -> 75 | D39: ='Data '!D35 -> 100 | E39: ='Setoran 2'!C39 -> 0 | F39: =E39*$C39 -> 0 | G39: =E39*$D39 -> 0 | H39: ='Setoran 2'!D39 -> 0 | I39: =H39*$C39 -> 0 | J39: =H39*$D39 -> 0 | K39: ='Setoran 2'!E39 -> 0 | L39: =K39*$C39 -> 0 | M39: =K39*$D39 -> 0 | N39: ='Setoran 2'!F39 -> 0 | O39: =N39*$C39 -> 0 | P39: =N39*$D39 -> 0 | Q39: ='Setoran 2'!G39 -> 0 | R39: =Q39*$C39 -> 0 | S39: =Q39*$D39 -> 0 | T39: ='Setoran 2'!H39 -> 0 | U39: =T39*$C39 -> 0 | V39: =T39*$D39 -> 0 | W39: ='Setoran 2'!I39 -> 0 | X39: =W39*$C39 -> 0 | Y39: =W39*$D39 -> 0 | Z39: ='Setoran 2'!J39 -> 0 | AA39: =Z39*$C39 -> 0 | AB39: =Z39*$D39 -> 0 | AC39: ='Setoran 2'!K39 -> 0 | AD39: =AC39*$C39 -> 0 | AE39: =AC39*$D39 -> 0 | AF39: ='Setoran 2'!L39 -> 0 | AG39: =AF39*$C39 -> 0 | AH39: =AF39*$D39 -> 0 | AI39: ='Setoran 2'!M39 -> 0 | AJ39: =AI39*$C39 -> 0 | AK39: =AI39*$D39 -> 0 | AL39: ='Setoran 2'!N39 -> 0 | AM39: =AL39*$C39 -> 0 | AN39: =AL39*$D39 -> 0 | AO39: ='Setoran 2'!O39 -> 0 | AP39: =AO39*$C39 -> 0 | AQ39: =AO39*$D39 -> 0 | AR39: ='Setoran 2'!P39 -> 0 | AS39: =AR39*$C39 -> 0 | AT39: =AR39*$D39 -> 0 | AU39: ='Setoran 2'!Q39 -> 0 | AV39: =AU39*$C39 -> 0 | AW39: =AU39*$D39 -> 0 | AX39: =SUM(E39,H39,K39,N39,Q39,T39,W39,Z39,AC39,AF39,AI39,AL39,AO39,AR39,AU39) -> 0 | AY39: =SUM(F39,I39,L39,O39,R39,U39,X39,AA39,AD39,,AG39,AJ39,AM39,AP39,AS39,AV39) -> 0 | AZ39: =SUM(G39,J39,M39,P39,S39,V39,Y39,AB39,AE39,AH39,AK39,AN39,AQ39,AT39,AW39) -> 0 | BA39: =AZ39-AY39 -> 0
A40: 2 | B40: PVC | C40: ='Data '!C36 -> 50 | D40: ='Data '!D36 -> 100 | E40: ='Setoran 2'!C40 -> 0 | F40: =E40*$C40 -> 0 | G40: =E40*$D40 -> 0 | H40: ='Setoran 2'!D40 -> 0 | I40: =H40*$C40 -> 0 | J40: =H40*$D40 -> 0 | K40: ='Setoran 2'!E40 -> 0 | L40: =K40*$C40 -> 0 | M40: =K40*$D40 -> 0 | N40: ='Setoran 2'!F40 -> 0 | O40: =N40*$C40 -> 0 | P40: =N40*$D40 -> 0 | Q40: ='Setoran 2'!G40 -> 0 | R40: =Q40*$C40 -> 0 | S40: =Q40*$D40 -> 0 | T40: ='Setoran 2'!H40 -> 0 | U40: =T40*$C40 -> 0 | V40: =T40*$D40 -> 0 | W40: ='Setoran 2'!I40 -> 0 | X40: =W40*$C40 -> 0 | Y40: =W40*$D40 -> 0 | Z40: ='Setoran 2'!J40 -> 0 | AA40: =Z40*$C40 -> 0 | AB40: =Z40*$D40 -> 0 | AC40: ='Setoran 2'!K40 -> 0 | AD40: =AC40*$C40 -> 0 | AE40: =AC40*$D40 -> 0 | AF40: ='Setoran 2'!L40 -> 0 | AG40: =AF40*$C40 -> 0 | AH40: =AF40*$D40 -> 0 | AI40: ='Setoran 2'!M40 -> 0 | AJ40: =AI40*$C40 -> 0 | AK40: =AI40*$D40 -> 0 | AL40: ='Setoran 2'!N40 -> 0 | AM40: =AL40*$C40 -> 0 | AN40: =AL40*$D40 -> 0 | AO40: ='Setoran 2'!O40 -> 0 | AP40: =AO40*$C40 -> 0 | AQ40: =AO40*$D40 -> 0 | AR40: ='Setoran 2'!P40 -> 0 | AS40: =AR40*$C40 -> 0 | AT40: =AR40*$D40 -> 0 | AU40: ='Setoran 2'!Q40 -> 0 | AV40: =AU40*$C40 -> 0 | AW40: =AU40*$D40 -> 0 | AX40: =SUM(E40,H40,K40,N40,Q40,T40,W40,Z40,AC40,AF40,AI40,AL40,AO40,AR40,AU40) -> 0 | AY40: =SUM(F40,I40,L40,O40,R40,U40,X40,AA40,AD40,,AG40,AJ40,AM40,AP40,AS40,AV40) -> 0 | AZ40: =SUM(G40,J40,M40,P40,S40,V40,Y40,AB40,AE40,AH40,AK40,AN40,AQ40,AT40,AW40) -> 0 | BA40: =AZ40-AY40 -> 0
A41: KERTAS
A42: 1 | B42: Buku Tulis/Buku Pelajaran | C42: ='Data '!C38 -> 1100 | D42: ='Data '!D38 -> 1200 | E42: ='Setoran 2'!C42 -> 0 | F42: =E42*$C42 -> 0 | G42: =E42*$D42 -> 0 | H42: ='Setoran 2'!D42 -> 0 | I42: =H42*$C42 -> 0 | J42: =H42*$D42 -> 0 | K42: ='Setoran 2'!E42 -> 0 | L42: =K42*$C42 -> 0 | M42: =K42*$D42 -> 0 | N42: ='Setoran 2'!F42 -> 0 | O42: =N42*$C42 -> 0 | P42: =N42*$D42 -> 0 | Q42: ='Setoran 2'!G42 -> 0 | R42: =Q42*$C42 -> 0 | S42: =Q42*$D42 -> 0 | T42: ='Setoran 2'!H42 -> 0 | U42: =T42*$C42 -> 0 | V42: =T42*$D42 -> 0 | W42: ='Setoran 2'!I42 -> 0 | X42: =W42*$C42 -> 0 | Y42: =W42*$D42 -> 0 | Z42: ='Setoran 2'!J42 -> 0 | AA42: =Z42*$C42 -> 0 | AB42: =Z42*$D42 -> 0 | AC42: ='Setoran 2'!K42 -> 0 | AD42: =AC42*$C42 -> 0 | AE42: =AC42*$D42 -> 0 | AF42: ='Setoran 2'!L42 -> 0 | AG42: =AF42*$C42 -> 0 | AH42: =AF42*$D42 -> 0 | AI42: ='Setoran 2'!M42 -> 0 | AJ42: =AI42*$C42 -> 0 | AK42: =AI42*$D42 -> 0 | AL42: ='Setoran 2'!N42 -> 0 | AM42: =AL42*$C42 -> 0 | AN42: =AL42*$D42 -> 0 | AO42: ='Setoran 2'!O42 -> 0 | AP42: =AO42*$C42 -> 0 | AQ42: =AO42*$D42 -> 0 | AR42: ='Setoran 2'!P42 -> 0 | AS42: =AR42*$C42 -> 0 | AT42: =AR42*$D42 -> 0 | AU42: ='Setoran 2'!Q42 -> 0 | AV42: =AU42*$C42 -> 0 | AW42: =AU42*$D42 -> 0 | AX42: =SUM(E42,H42,K42,N42,Q42,T42,W42,Z42,AC42,AF42,AI42,AL42,AO42,AR42,AU42) -> 0 | AY42: =SUM(F42,I42,L42,O42,R42,U42,X42,AA42,AD42,,AG42,AJ42,AM42,AP42,AS42,AV42) -> 0 | AZ42: =SUM(G42,J42,M42,P42,S42,V42,Y42,AB42,AE42,AH42,AK42,AN42,AQ42,AT42,AW42) -> 0 | BA42: =AZ42-AY42 -> 0
A43: 2 | B43: HVS | C43: ='Data '!C39 -> 1100 | D43: ='Data '!D39 -> 1200 | E43: ='Setoran 2'!C43 -> 0 | F43: =E43*$C43 -> 0 | G43: =E43*$D43 -> 0 | H43: ='Setoran 2'!D43 -> 0 | I43: =H43*$C43 -> 0 | J43: =H43*$D43 -> 0 | K43: ='Setoran 2'!E43 -> 0 | L43: =K43*$C43 -> 0 | M43: =K43*$D43 -> 0 | N43: ='Setoran 2'!F43 -> 0 | O43: =N43*$C43 -> 0 | P43: =N43*$D43 -> 0 | Q43: ='Setoran 2'!G43 -> 0 | R43: =Q43*$C43 -> 0 | S43: =Q43*$D43 -> 0 | T43: ='Setoran 2'!H43 -> 0 | U43: =T43*$C43 -> 0 | V43: =T43*$D43 -> 0 | W43: ='Setoran 2'!I43 -> 0 | X43: =W43*$C43 -> 0 | Y43: =W43*$D43 -> 0 | Z43: ='Setoran 2'!J43 -> 0 | AA43: =Z43*$C43 -> 0 | AB43: =Z43*$D43 -> 0 | AC43: ='Setoran 2'!K43 -> 0 | AD43: =AC43*$C43 -> 0 | AE43: =AC43*$D43 -> 0 | AF43: ='Setoran 2'!L43 -> 0 | AG43: =AF43*$C43 -> 0 | AH43: =AF43*$D43 -> 0 | AI43: ='Setoran 2'!M43 -> 0 | AJ43: =AI43*$C43 -> 0 | AK43: =AI43*$D43 -> 0 | AL43: ='Setoran 2'!N43 -> 0 | AM43: =AL43*$C43 -> 0 | AN43: =AL43*$D43 -> 0 | AO43: ='Setoran 2'!O43 -> 0 | AP43: =AO43*$C43 -> 0 | AQ43: =AO43*$D43 -> 0 | AR43: ='Setoran 2'!P43 -> 0 | AS43: =AR43*$C43 -> 0 | AT43: =AR43*$D43 -> 0 | AU43: ='Setoran 2'!Q43 -> 0 | AV43: =AU43*$C43 -> 0 | AW43: =AU43*$D43 -> 0 | AX43: =SUM(E43,H43,K43,N43,Q43,T43,W43,Z43,AC43,AF43,AI43,AL43,AO43,AR43,AU43) -> 0 | AY43: =SUM(F43,I43,L43,O43,R43,U43,X43,AA43,AD43,,AG43,AJ43,AM43,AP43,AS43,AV43) -> 0 | AZ43: =SUM(G43,J43,M43,P43,S43,V43,Y43,AB43,AE43,AH43,AK43,AN43,AQ43,AT43,AW43) -> 0 | BA43: =AZ43-AY43 -> 0
A44: 3 | B44: Kertas Buram/LKS/warna | C44: ='Data '!C40 -> 450 | D44: ='Data '!D40 -> 500 | E44: ='Setoran 2'!C44 -> 0 | F44: =E44*$C44 -> 0 | G44: =E44*$D44 -> 0 | H44: ='Setoran 2'!D44 -> 0 | I44: =H44*$C44 -> 0 | J44: =H44*$D44 -> 0 | K44: ='Setoran 2'!E44 -> 0 | L44: =K44*$C44 -> 0 | M44: =K44*$D44 -> 0 | N44: ='Setoran 2'!F44 -> 0 | O44: =N44*$C44 -> 0 | P44: =N44*$D44 -> 0 | Q44: ='Setoran 2'!G44 -> 0 | R44: =Q44*$C44 -> 0 | S44: =Q44*$D44 -> 0 | T44: ='Setoran 2'!H44 -> 0 | U44: =T44*$C44 -> 0 | V44: =T44*$D44 -> 0 | W44: ='Setoran 2'!I44 -> 0 | X44: =W44*$C44 -> 0 | Y44: =W44*$D44 -> 0 | Z44: ='Setoran 2'!J44 -> 0 | AA44: =Z44*$C44 -> 0 | AB44: =Z44*$D44 -> 0 | AC44: ='Setoran 2'!K44 -> 0 | AD44: =AC44*$C44 -> 0 | AE44: =AC44*$D44 -> 0 | AF44: ='Setoran 2'!L44 -> 0 | AG44: =AF44*$C44 -> 0 | AH44: =AF44*$D44 -> 0 | AI44: ='Setoran 2'!M44 -> 0 | AJ44: =AI44*$C44 -> 0 | AK44: =AI44*$D44 -> 0 | AL44: ='Setoran 2'!N44 -> 0 | AM44: =AL44*$C44 -> 0 | AN44: =AL44*$D44 -> 0 | AO44: ='Setoran 2'!O44 -> 0 | AP44: =AO44*$C44 -> 0 | AQ44: =AO44*$D44 -> 0 | AR44: ='Setoran 2'!P44 -> 0 | AS44: =AR44*$C44 -> 0 | AT44: =AR44*$D44 -> 0 | AU44: ='Setoran 2'!Q44 -> 0 | AV44: =AU44*$C44 -> 0 | AW44: =AU44*$D44 -> 0 | AX44: =SUM(E44,H44,K44,N44,Q44,T44,W44,Z44,AC44,AF44,AI44,AL44,AO44,AR44,AU44) -> 0 | AY44: =SUM(F44,I44,L44,O44,R44,U44,X44,AA44,AD44,,AG44,AJ44,AM44,AP44,AS44,AV44) -> 0 | AZ44: =SUM(G44,J44,M44,P44,S44,V44,Y44,AB44,AE44,AH44,AK44,AN44,AQ44,AT44,AW44) -> 0 | BA44: =AZ44-AY44 -> 0
A45: 4 | B45: Majalah | C45: ='Data '!C41 -> 400 | D45: ='Data '!D41 -> 500 | E45: ='Setoran 2'!C45 -> 0 | F45: =E45*$C45 -> 0 | G45: =E45*$D45 -> 0 | H45: ='Setoran 2'!D45 -> 0 | I45: =H45*$C45 -> 0 | J45: =H45*$D45 -> 0 | K45: ='Setoran 2'!E45 -> 0 | L45: =K45*$C45 -> 0 | M45: =K45*$D45 -> 0 | N45: ='Setoran 2'!F45 -> 0 | O45: =N45*$C45 -> 0 | P45: =N45*$D45 -> 0 | Q45: ='Setoran 2'!G45 -> 0 | R45: =Q45*$C45 -> 0 | S45: =Q45*$D45 -> 0 | T45: ='Setoran 2'!H45 -> 0 | U45: =T45*$C45 -> 0 | V45: =T45*$D45 -> 0 | W45: ='Setoran 2'!I45 -> 0 | X45: =W45*$C45 -> 0 | Y45: =W45*$D45 -> 0 | Z45: ='Setoran 2'!J45 -> 0 | AA45: =Z45*$C45 -> 0 | AB45: =Z45*$D45 -> 0 | AC45: ='Setoran 2'!K45 -> 0 | AD45: =AC45*$C45 -> 0 | AE45: =AC45*$D45 -> 0 | AF45: ='Setoran 2'!L45 -> 0 | AG45: =AF45*$C45 -> 0 | AH45: =AF45*$D45 -> 0 | AI45: ='Setoran 2'!M45 -> 0 | AJ45: =AI45*$C45 -> 0 | AK45: =AI45*$D45 -> 0 | AL45: ='Setoran 2'!N45 -> 0 | AM45: =AL45*$C45 -> 0 | AN45: =AL45*$D45 -> 0 | AO45: ='Setoran 2'!O45 -> 0 | AP45: =AO45*$C45 -> 0 | AQ45: =AO45*$D45 -> 0 | AR45: ='Setoran 2'!P45 -> 0 | AS45: =AR45*$C45 -> 0 | AT45: =AR45*$D45 -> 0 | AU45: ='Setoran 2'!Q45 -> 0 | AV45: =AU45*$C45 -> 0 | AW45: =AU45*$D45 -> 0 | AX45: =SUM(E45,H45,K45,N45,Q45,T45,W45,Z45,AC45,AF45,AI45,AL45,AO45,AR45,AU45) -> 0 | AY45: =SUM(F45,I45,L45,O45,R45,U45,X45,AA45,AD45,,AG45,AJ45,AM45,AP45,AS45,AV45) -> 0 | AZ45: =SUM(G45,J45,M45,P45,S45,V45,Y45,AB45,AE45,AH45,AK45,AN45,AQ45,AT45,AW45) -> 0 | BA45: =AZ45-AY45 -> 0
A46: 5 | B46: Koran | C46: ='Data '!C42 -> 1800 | D46: ='Data '!D42 -> 2000 | E46: ='Setoran 2'!C46 -> 0 | F46: =E46*$C46 -> 0 | G46: =E46*$D46 -> 0 | H46: ='Setoran 2'!D46 -> 0 | I46: =H46*$C46 -> 0 | J46: =H46*$D46 -> 0 | K46: ='Setoran 2'!E46 -> 0 | L46: =K46*$C46 -> 0 | M46: =K46*$D46 -> 0 | N46: ='Setoran 2'!F46 -> 0 | O46: =N46*$C46 -> 0 | P46: =N46*$D46 -> 0 | Q46: ='Setoran 2'!G46 -> 0 | R46: =Q46*$C46 -> 0 | S46: =Q46*$D46 -> 0 | T46: ='Setoran 2'!H46 -> 0 | U46: =T46*$C46 -> 0 | V46: =T46*$D46 -> 0 | W46: ='Setoran 2'!I46 -> 0 | X46: =W46*$C46 -> 0 | Y46: =W46*$D46 -> 0 | Z46: ='Setoran 2'!J46 -> 0 | AA46: =Z46*$C46 -> 0 | AB46: =Z46*$D46 -> 0 | AC46: ='Setoran 2'!K46 -> 0 | AD46: =AC46*$C46 -> 0 | AE46: =AC46*$D46 -> 0 | AF46: ='Setoran 2'!L46 -> 0 | AG46: =AF46*$C46 -> 0 | AH46: =AF46*$D46 -> 0 | AI46: ='Setoran 2'!M46 -> 0 | AJ46: =AI46*$C46 -> 0 | AK46: =AI46*$D46 -> 0 | AL46: ='Setoran 2'!N46 -> 0 | AM46: =AL46*$C46 -> 0 | AN46: =AL46*$D46 -> 0 | AO46: ='Setoran 2'!O46 -> 0 | AP46: =AO46*$C46 -> 0 | AQ46: =AO46*$D46 -> 0 | AR46: ='Setoran 2'!P46 -> 0 | AS46: =AR46*$C46 -> 0 | AT46: =AR46*$D46 -> 0 | AU46: ='Setoran 2'!Q46 -> 0 | AV46: =AU46*$C46 -> 0 | AW46: =AU46*$D46 -> 0 | AX46: =SUM(E46,H46,K46,N46,Q46,T46,W46,Z46,AC46,AF46,AI46,AL46,AO46,AR46,AU46) -> 0 | AY46: =SUM(F46,I46,L46,O46,R46,U46,X46,AA46,AD46,,AG46,AJ46,AM46,AP46,AS46,AV46) -> 0 | AZ46: =SUM(G46,J46,M46,P46,S46,V46,Y46,AB46,AE46,AH46,AK46,AN46,AQ46,AT46,AW46) -> 0 | BA46: =AZ46-AY46 -> 0
A47: 6 | B47: Duplek | C47: ='Data '!C43 -> 75 | D47: ='Data '!D43 -> 100 | E47: ='Setoran 2'!C47 -> 0 | F47: =E47*$C47 -> 0 | G47: =E47*$D47 -> 0 | H47: ='Setoran 2'!D47 -> 0 | I47: =H47*$C47 -> 0 | J47: =H47*$D47 -> 0 | K47: ='Setoran 2'!E47 -> 0 | L47: =K47*$C47 -> 0 | M47: =K47*$D47 -> 0 | N47: ='Setoran 2'!F47 -> 0 | O47: =N47*$C47 -> 0 | P47: =N47*$D47 -> 0 | Q47: ='Setoran 2'!G47 -> 0 | R47: =Q47*$C47 -> 0 | S47: =Q47*$D47 -> 0 | T47: ='Setoran 2'!H47 -> 0 | U47: =T47*$C47 -> 0 | V47: =T47*$D47 -> 0 | W47: ='Setoran 2'!I47 -> 0 | X47: =W47*$C47 -> 0 | Y47: =W47*$D47 -> 0 | Z47: ='Setoran 2'!J47 -> 0 | AA47: =Z47*$C47 -> 0 | AB47: =Z47*$D47 -> 0 | AC47: ='Setoran 2'!K47 -> 0 | AD47: =AC47*$C47 -> 0 | AE47: =AC47*$D47 -> 0 | AF47: ='Setoran 2'!L47 -> 0 | AG47: =AF47*$C47 -> 0 | AH47: =AF47*$D47 -> 0 | AI47: ='Setoran 2'!M47 -> 0 | AJ47: =AI47*$C47 -> 0 | AK47: =AI47*$D47 -> 0 | AL47: ='Setoran 2'!N47 -> 0 | AM47: =AL47*$C47 -> 0 | AN47: =AL47*$D47 -> 0 | AO47: ='Setoran 2'!O47 -> 0 | AP47: =AO47*$C47 -> 0 | AQ47: =AO47*$D47 -> 0 | AR47: ='Setoran 2'!P47 -> 0 | AS47: =AR47*$C47 -> 0 | AT47: =AR47*$D47 -> 0 | AU47: ='Setoran 2'!Q47 -> 0 | AV47: =AU47*$C47 -> 0 | AW47: =AU47*$D47 -> 0 | AX47: =SUM(E47,H47,K47,N47,Q47,T47,W47,Z47,AC47,AF47,AI47,AL47,AO47,AR47,AU47) -> 0 | AY47: =SUM(F47,I47,L47,O47,R47,U47,X47,AA47,AD47,,AG47,AJ47,AM47,AP47,AS47,AV47) -> 0 | AZ47: =SUM(G47,J47,M47,P47,S47,V47,Y47,AB47,AE47,AH47,AK47,AN47,AQ47,AT47,AW47) -> 0 | BA47: =AZ47-AY47 -> 0
A48: 7 | B48: Kardus | C48: ='Data '!C44 -> 700 | D48: ='Data '!D44 -> 800 | E48: ='Setoran 2'!C48 -> 0 | F48: =E48*$C48 -> 0 | G48: =E48*$D48 -> 0 | H48: ='Setoran 2'!D48 -> 0 | I48: =H48*$C48 -> 0 | J48: =H48*$D48 -> 0 | K48: ='Setoran 2'!E48 -> 0 | L48: =K48*$C48 -> 0 | M48: =K48*$D48 -> 0 | N48: ='Setoran 2'!F48 -> 0 | O48: =N48*$C48 -> 0 | P48: =N48*$D48 -> 0 | Q48: ='Setoran 2'!G48 -> 0 | R48: =Q48*$C48 -> 0 | S48: =Q48*$D48 -> 0 | T48: ='Setoran 2'!H48 -> 0 | U48: =T48*$C48 -> 0 | V48: =T48*$D48 -> 0 | W48: ='Setoran 2'!I48 -> 0 | X48: =W48*$C48 -> 0 | Y48: =W48*$D48 -> 0 | Z48: ='Setoran 2'!J48 -> 0 | AA48: =Z48*$C48 -> 0 | AB48: =Z48*$D48 -> 0 | AC48: ='Setoran 2'!K48 -> 0 | AD48: =AC48*$C48 -> 0 | AE48: =AC48*$D48 -> 0 | AF48: ='Setoran 2'!L48 -> 0 | AG48: =AF48*$C48 -> 0 | AH48: =AF48*$D48 -> 0 | AI48: ='Setoran 2'!M48 -> 0 | AJ48: =AI48*$C48 -> 0 | AK48: =AI48*$D48 -> 0 | AL48: ='Setoran 2'!N48 -> 0 | AM48: =AL48*$C48 -> 0 | AN48: =AL48*$D48 -> 0 | AO48: ='Setoran 2'!O48 -> 0 | AP48: =AO48*$C48 -> 0 | AQ48: =AO48*$D48 -> 0 | AR48: ='Setoran 2'!P48 -> 0 | AS48: =AR48*$C48 -> 0 | AT48: =AR48*$D48 -> 0 | AU48: ='Setoran 2'!Q48 -> 0 | AV48: =AU48*$C48 -> 0 | AW48: =AU48*$D48 -> 0 | AX48: =SUM(E48,H48,K48,N48,Q48,T48,W48,Z48,AC48,AF48,AI48,AL48,AO48,AR48,AU48) -> 0 | AY48: =SUM(F48,I48,L48,O48,R48,U48,X48,AA48,AD48,,AG48,AJ48,AM48,AP48,AS48,AV48) -> 0 | AZ48: =SUM(G48,J48,M48,P48,S48,V48,Y48,AB48,AE48,AH48,AK48,AN48,AQ48,AT48,AW48) -> 0 | BA48: =AZ48-AY48 -> 0
A49: 8 | B49: Kertas Campur | C49: ='Data '!C45 -> 75 | D49: ='Data '!D45 -> 100 | E49: ='Setoran 2'!C49 -> 0 | F49: =E49*$C49 -> 0 | G49: =E49*$D49 -> 0 | H49: ='Setoran 2'!D49 -> 0 | I49: =H49*$C49 -> 0 | J49: =H49*$D49 -> 0 | K49: ='Setoran 2'!E49 -> 0 | L49: =K49*$C49 -> 0 | M49: =K49*$D49 -> 0 | N49: ='Setoran 2'!F49 -> 0 | O49: =N49*$C49 -> 0 | P49: =N49*$D49 -> 0 | Q49: ='Setoran 2'!G49 -> 0 | R49: =Q49*$C49 -> 0 | S49: =Q49*$D49 -> 0 | T49: ='Setoran 2'!H49 -> 0 | U49: =T49*$C49 -> 0 | V49: =T49*$D49 -> 0 | W49: ='Setoran 2'!I49 -> 0 | X49: =W49*$C49 -> 0 | Y49: =W49*$D49 -> 0 | Z49: ='Setoran 2'!J49 -> 0 | AA49: =Z49*$C49 -> 0 | AB49: =Z49*$D49 -> 0 | AC49: ='Setoran 2'!K49 -> 0 | AD49: =AC49*$C49 -> 0 | AE49: =AC49*$D49 -> 0 | AF49: ='Setoran 2'!L49 -> 0 | AG49: =AF49*$C49 -> 0 | AH49: =AF49*$D49 -> 0 | AI49: ='Setoran 2'!M49 -> 0 | AJ49: =AI49*$C49 -> 0 | AK49: =AI49*$D49 -> 0 | AL49: ='Setoran 2'!N49 -> 0 | AM49: =AL49*$C49 -> 0 | AN49: =AL49*$D49 -> 0 | AO49: ='Setoran 2'!O49 -> 0 | AP49: =AO49*$C49 -> 0 | AQ49: =AO49*$D49 -> 0 | AR49: ='Setoran 2'!P49 -> 0 | AS49: =AR49*$C49 -> 0 | AT49: =AR49*$D49 -> 0 | AU49: ='Setoran 2'!Q49 -> 0 | AV49: =AU49*$C49 -> 0 | AW49: =AU49*$D49 -> 0 | AX49: =SUM(E49,H49,K49,N49,Q49,T49,W49,Z49,AC49,AF49,AI49,AL49,AO49,AR49,AU49) -> 0 | AY49: =SUM(F49,I49,L49,O49,R49,U49,X49,AA49,AD49,,AG49,AJ49,AM49,AP49,AS49,AV49) -> 0 | AZ49: =SUM(G49,J49,M49,P49,S49,V49,Y49,AB49,AE49,AH49,AK49,AN49,AQ49,AT49,AW49) -> 0 | BA49: =AZ49-AY49 -> 0
A50: LOGAM
A51: 1 | B51: Besi Kaleng (Omplong) | C51: ='Data '!C47 -> 1000 | D51: ='Data '!D47 -> 1500 | E51: ='Setoran 2'!C51 -> 0 | F51: =E51*$C51 -> 0 | G51: =E51*$D51 -> 0 | H51: ='Setoran 2'!D51 -> 0 | I51: =H51*$C51 -> 0 | J51: =H51*$D51 -> 0 | K51: ='Setoran 2'!E51 -> 0 | L51: =K51*$C51 -> 0 | M51: =K51*$D51 -> 0 | N51: ='Setoran 2'!F51 -> 0 | O51: =N51*$C51 -> 0 | P51: =N51*$D51 -> 0 | Q51: ='Setoran 2'!G51 -> 0 | R51: =Q51*$C51 -> 0 | S51: =Q51*$D51 -> 0 | T51: ='Setoran 2'!H51 -> 0 | U51: =T51*$C51 -> 0 | V51: =T51*$D51 -> 0 | W51: ='Setoran 2'!I51 -> 0 | X51: =W51*$C51 -> 0 | Y51: =W51*$D51 -> 0 | Z51: ='Setoran 2'!J51 -> 0 | AA51: =Z51*$C51 -> 0 | AB51: =Z51*$D51 -> 0 | AC51: ='Setoran 2'!K51 -> 0 | AD51: =AC51*$C51 -> 0 | AE51: =AC51*$D51 -> 0 | AF51: ='Setoran 2'!L51 -> 0 | AG51: =AF51*$C51 -> 0 | AH51: =AF51*$D51 -> 0 | AI51: ='Setoran 2'!M51 -> 0 | AJ51: =AI51*$C51 -> 0 | AK51: =AI51*$D51 -> 0 | AL51: ='Setoran 2'!N51 -> 0 | AM51: =AL51*$C51 -> 0 | AN51: =AL51*$D51 -> 0 | AO51: ='Setoran 2'!O51 -> 0 | AP51: =AO51*$C51 -> 0 | AQ51: =AO51*$D51 -> 0 | AR51: ='Setoran 2'!P51 -> 0 | AS51: =AR51*$C51 -> 0 | AT51: =AR51*$D51 -> 0 | AU51: ='Setoran 2'!Q51 -> 0 | AV51: =AU51*$C51 -> 0 | AW51: =AU51*$D51 -> 0 | AX51: =SUM(E51,H51,K51,N51,Q51,T51,W51,Z51,AC51,AF51,AI51,AL51,AO51,AR51,AU51) -> 0 | AY51: =SUM(F51,I51,L51,O51,R51,U51,X51,AA51,AD51,,AG51,AJ51,AM51,AP51,AS51,AV51) -> 0 | AZ51: =SUM(G51,J51,M51,P51,S51,V51,Y51,AB51,AE51,AH51,AK51,AN51,AQ51,AT51,AW51) -> 0 | BA51: =AZ51-AY51 -> 0
A52: 2 | B52: Besi B (Tipis) | C52: ='Data '!C48 -> 1100 | D52: ='Data '!D48 -> 1200 | E52: ='Setoran 2'!C52 -> 0 | F52: =E52*$C52 -> 0 | G52: =E52*$D52 -> 0 | H52: ='Setoran 2'!D52 -> 0 | I52: =H52*$C52 -> 0 | J52: =H52*$D52 -> 0 | K52: ='Setoran 2'!E52 -> 0 | L52: =K52*$C52 -> 0 | M52: =K52*$D52 -> 0 | N52: ='Setoran 2'!F52 -> 0 | O52: =N52*$C52 -> 0 | P52: =N52*$D52 -> 0 | Q52: ='Setoran 2'!G52 -> 0 | R52: =Q52*$C52 -> 0 | S52: =Q52*$D52 -> 0 | T52: ='Setoran 2'!H52 -> 0 | U52: =T52*$C52 -> 0 | V52: =T52*$D52 -> 0 | W52: ='Setoran 2'!I52 -> 0 | X52: =W52*$C52 -> 0 | Y52: =W52*$D52 -> 0 | Z52: ='Setoran 2'!J52 -> 0 | AA52: =Z52*$C52 -> 0 | AB52: =Z52*$D52 -> 0 | AC52: ='Setoran 2'!K52 -> 0 | AD52: =AC52*$C52 -> 0 | AE52: =AC52*$D52 -> 0 | AF52: ='Setoran 2'!L52 -> 0 | AG52: =AF52*$C52 -> 0 | AH52: =AF52*$D52 -> 0 | AI52: ='Setoran 2'!M52 -> 0 | AJ52: =AI52*$C52 -> 0 | AK52: =AI52*$D52 -> 0 | AL52: ='Setoran 2'!N52 -> 0 | AM52: =AL52*$C52 -> 0 | AN52: =AL52*$D52 -> 0 | AO52: ='Setoran 2'!O52 -> 0 | AP52: =AO52*$C52 -> 0 | AQ52: =AO52*$D52 -> 0 | AR52: ='Setoran 2'!P52 -> 0 | AS52: =AR52*$C52 -> 0 | AT52: =AR52*$D52 -> 0 | AU52: ='Setoran 2'!Q52 -> 0 | AV52: =AU52*$C52 -> 0 | AW52: =AU52*$D52 -> 0 | AX52: =SUM(E52,H52,K52,N52,Q52,T52,W52,Z52,AC52,AF52,AI52,AL52,AO52,AR52,AU52) -> 0 | AY52: =SUM(F52,I52,L52,O52,R52,U52,X52,AA52,AD52,,AG52,AJ52,AM52,AP52,AS52,AV52) -> 0 | AZ52: =SUM(G52,J52,M52,P52,S52,V52,Y52,AB52,AE52,AH52,AK52,AN52,AQ52,AT52,AW52) -> 0 | BA52: =AZ52-AY52 -> 0
A53: 3 | B53: Besi A (Tebal & Padat) | C53: ='Data '!C49 -> 2300 | D53: ='Data '!D49 -> 2500 | E53: ='Setoran 2'!C53 -> 0 | F53: =E53*$C53 -> 0 | G53: =E53*$D53 -> 0 | H53: ='Setoran 2'!D53 -> 0 | I53: =H53*$C53 -> 0 | J53: =H53*$D53 -> 0 | K53: ='Setoran 2'!E53 -> 0 | L53: =K53*$C53 -> 0 | M53: =K53*$D53 -> 0 | N53: ='Setoran 2'!F53 -> 0 | O53: =N53*$C53 -> 0 | P53: =N53*$D53 -> 0 | Q53: ='Setoran 2'!G53 -> 0 | R53: =Q53*$C53 -> 0 | S53: =Q53*$D53 -> 0 | T53: ='Setoran 2'!H53 -> 0 | U53: =T53*$C53 -> 0 | V53: =T53*$D53 -> 0 | W53: ='Setoran 2'!I53 -> 0 | X53: =W53*$C53 -> 0 | Y53: =W53*$D53 -> 0 | Z53: ='Setoran 2'!J53 -> 0 | AA53: =Z53*$C53 -> 0 | AB53: =Z53*$D53 -> 0 | AC53: ='Setoran 2'!K53 -> 0 | AD53: =AC53*$C53 -> 0 | AE53: =AC53*$D53 -> 0 | AF53: ='Setoran 2'!L53 -> 0 | AG53: =AF53*$C53 -> 0 | AH53: =AF53*$D53 -> 0 | AI53: ='Setoran 2'!M53 -> 0 | AJ53: =AI53*$C53 -> 0 | AK53: =AI53*$D53 -> 0 | AL53: ='Setoran 2'!N53 -> 0 | AM53: =AL53*$C53 -> 0 | AN53: =AL53*$D53 -> 0 | AO53: ='Setoran 2'!O53 -> 0 | AP53: =AO53*$C53 -> 0 | AQ53: =AO53*$D53 -> 0 | AR53: ='Setoran 2'!P53 -> 0 | AS53: =AR53*$C53 -> 0 | AT53: =AR53*$D53 -> 0 | AU53: ='Setoran 2'!Q53 -> 0 | AV53: =AU53*$C53 -> 0 | AW53: =AU53*$D53 -> 0 | AX53: =SUM(E53,H53,K53,N53,Q53,T53,W53,Z53,AC53,AF53,AI53,AL53,AO53,AR53,AU53) -> 0 | AY53: =SUM(F53,I53,L53,O53,R53,U53,X53,AA53,AD53,,AG53,AJ53,AM53,AP53,AS53,AV53) -> 0 | AZ53: =SUM(G53,J53,M53,P53,S53,V53,Y53,AB53,AE53,AH53,AK53,AN53,AQ53,AT53,AW53) -> 0 | BA53: =AZ53-AY53 -> 0
A54: 4 | B54: Seng / paku | C54: ='Data '!C50 -> 200 | D54: ='Data '!D50 -> 300 | E54: ='Setoran 2'!C54 -> 0 | F54: =E54*$C54 -> 0 | G54: =E54*$D54 -> 0 | H54: ='Setoran 2'!D54 -> 0 | I54: =H54*$C54 -> 0 | J54: =H54*$D54 -> 0 | K54: ='Setoran 2'!E54 -> 0 | L54: =K54*$C54 -> 0 | M54: =K54*$D54 -> 0 | N54: ='Setoran 2'!F54 -> 0 | O54: =N54*$C54 -> 0 | P54: =N54*$D54 -> 0 | Q54: ='Setoran 2'!G54 -> 0 | R54: =Q54*$C54 -> 0 | S54: =Q54*$D54 -> 0 | T54: ='Setoran 2'!H54 -> 0 | U54: =T54*$C54 -> 0 | V54: =T54*$D54 -> 0 | W54: ='Setoran 2'!I54 -> 0 | X54: =W54*$C54 -> 0 | Y54: =W54*$D54 -> 0 | Z54: ='Setoran 2'!J54 -> 0 | AA54: =Z54*$C54 -> 0 | AB54: =Z54*$D54 -> 0 | AC54: ='Setoran 2'!K54 -> 0 | AD54: =AC54*$C54 -> 0 | AE54: =AC54*$D54 -> 0 | AF54: ='Setoran 2'!L54 -> 0 | AG54: =AF54*$C54 -> 0 | AH54: =AF54*$D54 -> 0 | AI54: ='Setoran 2'!M54 -> 0 | AJ54: =AI54*$C54 -> 0 | AK54: =AI54*$D54 -> 0 | AL54: ='Setoran 2'!N54 -> 0 | AM54: =AL54*$C54 -> 0 | AN54: =AL54*$D54 -> 0 | AO54: ='Setoran 2'!O54 -> 0 | AP54: =AO54*$C54 -> 0 | AQ54: =AO54*$D54 -> 0 | AR54: ='Setoran 2'!P54 -> 0 | AS54: =AR54*$C54 -> 0 | AT54: =AR54*$D54 -> 0 | AU54: ='Setoran 2'!Q54 -> 0 | AV54: =AU54*$C54 -> 0 | AW54: =AU54*$D54 -> 0 | AX54: =SUM(E54,H54,K54,N54,Q54,T54,W54,Z54,AC54,AF54,AI54,AL54,AO54,AR54,AU54) -> 0 | AY54: =SUM(F54,I54,L54,O54,R54,U54,X54,AA54,AD54,,AG54,AJ54,AM54,AP54,AS54,AV54) -> 0 | AZ54: =SUM(G54,J54,M54,P54,S54,V54,Y54,AB54,AE54,AH54,AK54,AN54,AQ54,AT54,AW54) -> 0 | BA54: =AZ54-AY54 -> 0
A55: 5 | B55: Aluminium Kaleng/tipis | C55: ='Data '!C51 -> 4500 | D55: ='Data '!D51 -> 5000 | E55: ='Setoran 2'!C55 -> 0 | F55: =E55*$C55 -> 0 | G55: =E55*$D55 -> 0 | H55: ='Setoran 2'!D55 -> 0 | I55: =H55*$C55 -> 0 | J55: =H55*$D55 -> 0 | K55: ='Setoran 2'!E55 -> 0 | L55: =K55*$C55 -> 0 | M55: =K55*$D55 -> 0 | N55: ='Setoran 2'!F55 -> 0 | O55: =N55*$C55 -> 0 | P55: =N55*$D55 -> 0 | Q55: ='Setoran 2'!G55 -> 0 | R55: =Q55*$C55 -> 0 | S55: =Q55*$D55 -> 0 | T55: ='Setoran 2'!H55 -> 0 | U55: =T55*$C55 -> 0 | V55: =T55*$D55 -> 0 | W55: ='Setoran 2'!I55 -> 0 | X55: =W55*$C55 -> 0 | Y55: =W55*$D55 -> 0 | Z55: ='Setoran 2'!J55 -> 0 | AA55: =Z55*$C55 -> 0 | AB55: =Z55*$D55 -> 0 | AC55: ='Setoran 2'!K55 -> 0 | AD55: =AC55*$C55 -> 0 | AE55: =AC55*$D55 -> 0 | AF55: ='Setoran 2'!L55 -> 0 | AG55: =AF55*$C55 -> 0 | AH55: =AF55*$D55 -> 0 | AI55: ='Setoran 2'!M55 -> 0 | AJ55: =AI55*$C55 -> 0 | AK55: =AI55*$D55 -> 0 | AL55: ='Setoran 2'!N55 -> 0 | AM55: =AL55*$C55 -> 0 | AN55: =AL55*$D55 -> 0 | AO55: ='Setoran 2'!O55 -> 0 | AP55: =AO55*$C55 -> 0 | AQ55: =AO55*$D55 -> 0 | AR55: ='Setoran 2'!P55 -> 0 | AS55: =AR55*$C55 -> 0 | AT55: =AR55*$D55 -> 0 | AU55: ='Setoran 2'!Q55 -> 0 | AV55: =AU55*$C55 -> 0 | AW55: =AU55*$D55 -> 0 | AX55: =SUM(E55,H55,K55,N55,Q55,T55,W55,Z55,AC55,AF55,AI55,AL55,AO55,AR55,AU55) -> 0 | AY55: =SUM(F55,I55,L55,O55,R55,U55,X55,AA55,AD55,,AG55,AJ55,AM55,AP55,AS55,AV55) -> 0 | AZ55: =SUM(G55,J55,M55,P55,S55,V55,Y55,AB55,AE55,AH55,AK55,AN55,AQ55,AT55,AW55) -> 0 | BA55: =AZ55-AY55 -> 0
A56: 6 | B56: Aluminium Tebal | C56: ='Data '!C52 -> 6500 | D56: ='Data '!D52 -> 7000 | E56: ='Setoran 2'!C56 -> 0 | F56: =E56*$C56 -> 0 | G56: =E56*$D56 -> 0 | H56: ='Setoran 2'!D56 -> 0 | I56: =H56*$C56 -> 0 | J56: =H56*$D56 -> 0 | K56: ='Setoran 2'!E56 -> 0 | L56: =K56*$C56 -> 0 | M56: =K56*$D56 -> 0 | N56: ='Setoran 2'!F56 -> 0 | O56: =N56*$C56 -> 0 | P56: =N56*$D56 -> 0 | Q56: ='Setoran 2'!G56 -> 0 | R56: =Q56*$C56 -> 0 | S56: =Q56*$D56 -> 0 | T56: ='Setoran 2'!H56 -> 0 | U56: =T56*$C56 -> 0 | V56: =T56*$D56 -> 0 | W56: ='Setoran 2'!I56 -> 0 | X56: =W56*$C56 -> 0 | Y56: =W56*$D56 -> 0 | Z56: ='Setoran 2'!J56 -> 0 | AA56: =Z56*$C56 -> 0 | AB56: =Z56*$D56 -> 0 | AC56: ='Setoran 2'!K56 -> 0 | AD56: =AC56*$C56 -> 0 | AE56: =AC56*$D56 -> 0 | AF56: ='Setoran 2'!L56 -> 0 | AG56: =AF56*$C56 -> 0 | AH56: =AF56*$D56 -> 0 | AI56: ='Setoran 2'!M56 -> 0 | AJ56: =AI56*$C56 -> 0 | AK56: =AI56*$D56 -> 0 | AL56: ='Setoran 2'!N56 -> 0 | AM56: =AL56*$C56 -> 0 | AN56: =AL56*$D56 -> 0 | AO56: ='Setoran 2'!O56 -> 0 | AP56: =AO56*$C56 -> 0 | AQ56: =AO56*$D56 -> 0 | AR56: ='Setoran 2'!P56 -> 0 | AS56: =AR56*$C56 -> 0 | AT56: =AR56*$D56 -> 0 | AU56: ='Setoran 2'!Q56 -> 0 | AV56: =AU56*$C56 -> 0 | AW56: =AU56*$D56 -> 0 | AX56: =SUM(E56,H56,K56,N56,Q56,T56,W56,Z56,AC56,AF56,AI56,AL56,AO56,AR56,AU56) -> 0 | AY56: =SUM(F56,I56,L56,O56,R56,U56,X56,AA56,AD56,,AG56,AJ56,AM56,AP56,AS56,AV56) -> 0 | AZ56: =SUM(G56,J56,M56,P56,S56,V56,Y56,AB56,AE56,AH56,AK56,AN56,AQ56,AT56,AW56) -> 0 | BA56: =AZ56-AY56 -> 0
A57: 7 | B57: Tembaga | C57: ='Data '!C53 -> 28000 | D57: ='Data '!D53 -> 30000 | E57: ='Setoran 2'!C57 -> 0 | F57: =E57*$C57 -> 0 | G57: =E57*$D57 -> 0 | H57: ='Setoran 2'!D57 -> 0 | I57: =H57*$C57 -> 0 | J57: =H57*$D57 -> 0 | K57: ='Setoran 2'!E57 -> 0 | L57: =K57*$C57 -> 0 | M57: =K57*$D57 -> 0 | N57: ='Setoran 2'!F57 -> 0 | O57: =N57*$C57 -> 0 | P57: =N57*$D57 -> 0 | Q57: ='Setoran 2'!G57 -> 0 | R57: =Q57*$C57 -> 0 | S57: =Q57*$D57 -> 0 | T57: ='Setoran 2'!H57 -> 0 | U57: =T57*$C57 -> 0 | V57: =T57*$D57 -> 0 | W57: ='Setoran 2'!I57 -> 0 | X57: =W57*$C57 -> 0 | Y57: =W57*$D57 -> 0 | Z57: ='Setoran 2'!J57 -> 0 | AA57: =Z57*$C57 -> 0 | AB57: =Z57*$D57 -> 0 | AC57: ='Setoran 2'!K57 -> 0 | AD57: =AC57*$C57 -> 0 | AE57: =AC57*$D57 -> 0 | AF57: ='Setoran 2'!L57 -> 0 | AG57: =AF57*$C57 -> 0 | AH57: =AF57*$D57 -> 0 | AI57: ='Setoran 2'!M57 -> 0 | AJ57: =AI57*$C57 -> 0 | AK57: =AI57*$D57 -> 0 | AL57: ='Setoran 2'!N57 -> 0 | AM57: =AL57*$C57 -> 0 | AN57: =AL57*$D57 -> 0 | AO57: ='Setoran 2'!O57 -> 0 | AP57: =AO57*$C57 -> 0 | AQ57: =AO57*$D57 -> 0 | AR57: ='Setoran 2'!P57 -> 0 | AS57: =AR57*$C57 -> 0 | AT57: =AR57*$D57 -> 0 | AU57: ='Setoran 2'!Q57 -> 0 | AV57: =AU57*$C57 -> 0 | AW57: =AU57*$D57 -> 0 | AX57: =SUM(E57,H57,K57,N57,Q57,T57,W57,Z57,AC57,AF57,AI57,AL57,AO57,AR57,AU57) -> 0 | AY57: =SUM(F57,I57,L57,O57,R57,U57,X57,AA57,AD57,,AG57,AJ57,AM57,AP57,AS57,AV57) -> 0 | AZ57: =SUM(G57,J57,M57,P57,S57,V57,Y57,AB57,AE57,AH57,AK57,AN57,AQ57,AT57,AW57) -> 0 | BA57: =AZ57-AY57 -> 0
A58: 8 | B58: Logam campur | C58: ='Data '!C54 -> 0 | D58: ='Data '!D54 -> 0 | E58: ='Setoran 2'!C58 -> 0 | F58: =E58*$C58 -> 0 | G58: =E58*$D58 -> 0 | H58: ='Setoran 2'!D58 -> 0 | I58: =H58*$C58 -> 0 | J58: =H58*$D58 -> 0 | K58: ='Setoran 2'!E58 -> 0 | L58: =K58*$C58 -> 0 | M58: =K58*$D58 -> 0 | N58: ='Setoran 2'!F58 -> 0 | O58: =N58*$C58 -> 0 | P58: =N58*$D58 -> 0 | Q58: ='Setoran 2'!G58 -> 0 | R58: =Q58*$C58 -> 0 | S58: =Q58*$D58 -> 0 | T58: ='Setoran 2'!H58 -> 0 | U58: =T58*$C58 -> 0 | V58: =T58*$D58 -> 0 | W58: ='Setoran 2'!I58 -> 0 | X58: =W58*$C58 -> 0 | Y58: =W58*$D58 -> 0 | Z58: ='Setoran 2'!J58 -> 0 | AA58: =Z58*$C58 -> 0 | AB58: =Z58*$D58 -> 0 | AC58: ='Setoran 2'!K58 -> 0 | AD58: =AC58*$C58 -> 0 | AE58: =AC58*$D58 -> 0 | AF58: ='Setoran 2'!L58 -> 0 | AG58: =AF58*$C58 -> 0 | AH58: =AF58*$D58 -> 0 | AI58: ='Setoran 2'!M58 -> 0 | AJ58: =AI58*$C58 -> 0 | AK58: =AI58*$D58 -> 0 | AL58: ='Setoran 2'!N58 -> 0 | AM58: =AL58*$C58 -> 0 | AN58: =AL58*$D58 -> 0 | AO58: ='Setoran 2'!O58 -> 0 | AP58: =AO58*$C58 -> 0 | AQ58: =AO58*$D58 -> 0 | AR58: ='Setoran 2'!P58 -> 0 | AS58: =AR58*$C58 -> 0 | AT58: =AR58*$D58 -> 0 | AU58: ='Setoran 2'!Q58 -> 0 | AV58: =AU58*$C58 -> 0 | AW58: =AU58*$D58 -> 0 | AX58: =SUM(E58,H58,K58,N58,Q58,T58,W58,Z58,AC58,AF58,AI58,AL58,AO58,AR58,AU58) -> 0 | AY58: =SUM(F58,I58,L58,O58,R58,U58,X58,AA58,AD58,,AG58,AJ58,AM58,AP58,AS58,AV58) -> 0 | AZ58: =SUM(G58,J58,M58,P58,S58,V58,Y58,AB58,AE58,AH58,AK58,AN58,AQ58,AT58,AW58) -> 0 | BA58: =AZ58-AY58 -> 0
A59: KACA
A60: 1 | B60: Botol Bir Bintang Besar/biji | C60: ='Data '!C56 -> 700 | D60: ='Data '!D56 -> 800 | E60: ='Setoran 2'!C60 -> 0 | F60: =E60*$C60 -> 0 | G60: =E60*$D60 -> 0 | H60: ='Setoran 2'!D60 -> 0 | I60: =H60*$C60 -> 0 | J60: =H60*$D60 -> 0 | K60: ='Setoran 2'!E60 -> 0 | L60: =K60*$C60 -> 0 | M60: =K60*$D60 -> 0 | N60: ='Setoran 2'!F60 -> 0 | O60: =N60*$C60 -> 0 | P60: =N60*$D60 -> 0 | Q60: ='Setoran 2'!G60 -> 0 | R60: =Q60*$C60 -> 0 | S60: =Q60*$D60 -> 0 | T60: ='Setoran 2'!H60 -> 0 | U60: =T60*$C60 -> 0 | V60: =T60*$D60 -> 0 | W60: ='Setoran 2'!I60 -> 0 | X60: =W60*$C60 -> 0 | Y60: =W60*$D60 -> 0 | Z60: ='Setoran 2'!J60 -> 0 | AA60: =Z60*$C60 -> 0 | AB60: =Z60*$D60 -> 0 | AC60: ='Setoran 2'!K60 -> 0 | AD60: =AC60*$C60 -> 0 | AE60: =AC60*$D60 -> 0 | AF60: ='Setoran 2'!L60 -> 0 | AG60: =AF60*$C60 -> 0 | AH60: =AF60*$D60 -> 0 | AI60: ='Setoran 2'!M60 -> 0 | AJ60: =AI60*$C60 -> 0 | AK60: =AI60*$D60 -> 0 | AL60: ='Setoran 2'!N60 -> 0 | AM60: =AL60*$C60 -> 0 | AN60: =AL60*$D60 -> 0 | AO60: ='Setoran 2'!O60 -> 0 | AP60: =AO60*$C60 -> 0 | AQ60: =AO60*$D60 -> 0 | AR60: ='Setoran 2'!P60 -> 0 | AS60: =AR60*$C60 -> 0 | AT60: =AR60*$D60 -> 0 | AU60: ='Setoran 2'!Q60 -> 0 | AV60: =AU60*$C60 -> 0 | AW60: =AU60*$D60 -> 0 | AX60: =SUM(E60,H60,K60,N60,Q60,T60,W60,Z60,AC60,AF60,AI60,AL60,AO60,AR60,AU60) -> 0 | AY60: =SUM(F60,I60,L60,O60,R60,U60,X60,AA60,AD60,,AG60,AJ60,AM60,AP60,AS60,AV60) -> 0 | AZ60: =SUM(G60,J60,M60,P60,S60,V60,Y60,AB60,AE60,AH60,AK60,AN60,AQ60,AT60,AW60) -> 0 | BA60: =AZ60-AY60 -> 0
A61: 2 | B61: Botol Bir Bintang Kecil/biji | C61: ='Data '!C57 -> 150 | D61: ='Data '!D57 -> 200 | E61: ='Setoran 2'!C61 -> 0 | F61: =E61*$C61 -> 0 | G61: =E61*$D61 -> 0 | H61: ='Setoran 2'!D61 -> 0 | I61: =H61*$C61 -> 0 | J61: =H61*$D61 -> 0 | K61: ='Setoran 2'!E61 -> 0 | L61: =K61*$C61 -> 0 | M61: =K61*$D61 -> 0 | N61: ='Setoran 2'!F61 -> 0 | O61: =N61*$C61 -> 0 | P61: =N61*$D61 -> 0 | Q61: ='Setoran 2'!G61 -> 0 | R61: =Q61*$C61 -> 0 | S61: =Q61*$D61 -> 0 | T61: ='Setoran 2'!H61 -> 0 | U61: =T61*$C61 -> 0 | V61: =T61*$D61 -> 0 | W61: ='Setoran 2'!I61 -> 0 | X61: =W61*$C61 -> 0 | Y61: =W61*$D61 -> 0 | Z61: ='Setoran 2'!J61 -> 0 | AA61: =Z61*$C61 -> 0 | AB61: =Z61*$D61 -> 0 | AC61: ='Setoran 2'!K61 -> 0 | AD61: =AC61*$C61 -> 0 | AE61: =AC61*$D61 -> 0 | AF61: ='Setoran 2'!L61 -> 0 | AG61: =AF61*$C61 -> 0 | AH61: =AF61*$D61 -> 0 | AI61: ='Setoran 2'!M61 -> 0 | AJ61: =AI61*$C61 -> 0 | AK61: =AI61*$D61 -> 0 | AL61: ='Setoran 2'!N61 -> 0 | AM61: =AL61*$C61 -> 0 | AN61: =AL61*$D61 -> 0 | AO61: ='Setoran 2'!O61 -> 0 | AP61: =AO61*$C61 -> 0 | AQ61: =AO61*$D61 -> 0 | AR61: ='Setoran 2'!P61 -> 0 | AS61: =AR61*$C61 -> 0 | AT61: =AR61*$D61 -> 0 | AU61: ='Setoran 2'!Q61 -> 0 | AV61: =AU61*$C61 -> 0 | AW61: =AU61*$D61 -> 0 | AX61: =SUM(E61,H61,K61,N61,Q61,T61,W61,Z61,AC61,AF61,AI61,AL61,AO61,AR61,AU61) -> 0 | AY61: =SUM(F61,I61,L61,O61,R61,U61,X61,AA61,AD61,,AG61,AJ61,AM61,AP61,AS61,AV61) -> 0 | AZ61: =SUM(G61,J61,M61,P61,S61,V61,Y61,AB61,AE61,AH61,AK61,AN61,AQ61,AT61,AW61) -> 0 | BA61: =AZ61-AY61 -> 0
A62: 3 | B62: Botol Kaca Campur | C62: ='Data '!C58 -> 50 | D62: ='Data '!D58 -> 100 | E62: ='Setoran 2'!C62 -> 0 | F62: =E62*$C62 -> 0 | G62: =E62*$D62 -> 0 | H62: ='Setoran 2'!D62 -> 0 | I62: =H62*$C62 -> 0 | J62: =H62*$D62 -> 0 | K62: ='Setoran 2'!E62 -> 0 | L62: =K62*$C62 -> 0 | M62: =K62*$D62 -> 0 | N62: ='Setoran 2'!F62 -> 0 | O62: =N62*$C62 -> 0 | P62: =N62*$D62 -> 0 | Q62: ='Setoran 2'!G62 -> 0 | R62: =Q62*$C62 -> 0 | S62: =Q62*$D62 -> 0 | T62: ='Setoran 2'!H62 -> 0 | U62: =T62*$C62 -> 0 | V62: =T62*$D62 -> 0 | W62: ='Setoran 2'!I62 -> 0 | X62: =W62*$C62 -> 0 | Y62: =W62*$D62 -> 0 | Z62: ='Setoran 2'!J62 -> 0 | AA62: =Z62*$C62 -> 0 | AB62: =Z62*$D62 -> 0 | AC62: ='Setoran 2'!K62 -> 0 | AD62: =AC62*$C62 -> 0 | AE62: =AC62*$D62 -> 0 | AF62: ='Setoran 2'!L62 -> 0 | AG62: =AF62*$C62 -> 0 | AH62: =AF62*$D62 -> 0 | AI62: ='Setoran 2'!M62 -> 0 | AJ62: =AI62*$C62 -> 0 | AK62: =AI62*$D62 -> 0 | AL62: ='Setoran 2'!N62 -> 0 | AM62: =AL62*$C62 -> 0 | AN62: =AL62*$D62 -> 0 | AO62: ='Setoran 2'!O62 -> 0 | AP62: =AO62*$C62 -> 0 | AQ62: =AO62*$D62 -> 0 | AR62: ='Setoran 2'!P62 -> 0 | AS62: =AR62*$C62 -> 0 | AT62: =AR62*$D62 -> 0 | AU62: ='Setoran 2'!Q62 -> 0 | AV62: =AU62*$C62 -> 0 | AW62: =AU62*$D62 -> 0 | AX62: =SUM(E62,H62,K62,N62,Q62,T62,W62,Z62,AC62,AF62,AI62,AL62,AO62,AR62,AU62) -> 0 | AY62: =SUM(F62,I62,L62,O62,R62,U62,X62,AA62,AD62,,AG62,AJ62,AM62,AP62,AS62,AV62) -> 0 | AZ62: =SUM(G62,J62,M62,P62,S62,V62,Y62,AB62,AE62,AH62,AK62,AN62,AQ62,AT62,AW62) -> 0 | BA62: =AZ62-AY62 -> 0
A63: OTHER
A64: 1 | B64: Styrofoam Bersih | C64: ='Data '!C60 -> 150 | D64: ='Data '!D60 -> 200 | E64: ='Setoran 2'!C64 -> 0 | F64: =E64*$C64 -> 0 | G64: =E64*$D64 -> 0 | H64: ='Setoran 2'!D64 -> 0 | I64: =H64*$C64 -> 0 | J64: =H64*$D64 -> 0 | K64: ='Setoran 2'!E64 -> 0 | L64: =K64*$C64 -> 0 | M64: =K64*$D64 -> 0 | N64: ='Setoran 2'!F64 -> 0 | O64: =N64*$C64 -> 0 | P64: =N64*$D64 -> 0 | Q64: ='Setoran 2'!G64 -> 0 | R64: =Q64*$C64 -> 0 | S64: =Q64*$D64 -> 0 | T64: ='Setoran 2'!H64 -> 0 | U64: =T64*$C64 -> 0 | V64: =T64*$D64 -> 0 | W64: ='Setoran 2'!I64 -> 0 | X64: =W64*$C64 -> 0 | Y64: =W64*$D64 -> 0 | Z64: ='Setoran 2'!J64 -> 0 | AA64: =Z64*$C64 -> 0 | AB64: =Z64*$D64 -> 0 | AC64: ='Setoran 2'!K64 -> 0 | AD64: =AC64*$C64 -> 0 | AE64: =AC64*$D64 -> 0 | AF64: ='Setoran 2'!L64 -> 0 | AG64: =AF64*$C64 -> 0 | AH64: =AF64*$D64 -> 0 | AI64: ='Setoran 2'!M64 -> 0 | AJ64: =AI64*$C64 -> 0 | AK64: =AI64*$D64 -> 0 | AL64: ='Setoran 2'!N64 -> 0 | AM64: =AL64*$C64 -> 0 | AN64: =AL64*$D64 -> 0 | AO64: ='Setoran 2'!O64 -> 0 | AP64: =AO64*$C64 -> 0 | AQ64: =AO64*$D64 -> 0 | AR64: ='Setoran 2'!P64 -> 0 | AS64: =AR64*$C64 -> 0 | AT64: =AR64*$D64 -> 0 | AU64: ='Setoran 2'!Q64 -> 0 | AV64: =AU64*$C64 -> 0 | AW64: =AU64*$D64 -> 0 | AX64: =SUM(E64,H64,K64,N64,Q64,T64,W64,Z64,AC64,AF64,AI64,AL64,AO64,AR64,AU64) -> 0 | AY64: =SUM(F64,I64,L64,O64,R64,U64,X64,AA64,AD64,,AG64,AJ64,AM64,AP64,AS64,AV64) -> 0 | AZ64: =SUM(G64,J64,M64,P64,S64,V64,Y64,AB64,AE64,AH64,AK64,AN64,AQ64,AT64,AW64) -> 0 | BA64: =AZ64-AY64 -> 0
A65: 2 | B65: Net & PE Foam | C65: ='Data '!C61 -> 0 | D65: ='Data '!D61 -> 0 | E65: ='Setoran 2'!C65 -> 0 | F65: =E65*$C65 -> 0 | G65: =E65*$D65 -> 0 | H65: ='Setoran 2'!D65 -> 0 | I65: =H65*$C65 -> 0 | J65: =H65*$D65 -> 0 | K65: ='Setoran 2'!E65 -> 0 | L65: =K65*$C65 -> 0 | M65: =K65*$D65 -> 0 | N65: ='Setoran 2'!F65 -> 0 | O65: =N65*$C65 -> 0 | P65: =N65*$D65 -> 0 | Q65: ='Setoran 2'!G65 -> 0 | R65: =Q65*$C65 -> 0 | S65: =Q65*$D65 -> 0 | T65: ='Setoran 2'!H65 -> 0 | U65: =T65*$C65 -> 0 | V65: =T65*$D65 -> 0 | W65: ='Setoran 2'!I65 -> 0 | X65: =W65*$C65 -> 0 | Y65: =W65*$D65 -> 0 | Z65: ='Setoran 2'!J65 -> 0 | AA65: =Z65*$C65 -> 0 | AB65: =Z65*$D65 -> 0 | AC65: ='Setoran 2'!K65 -> 0 | AD65: =AC65*$C65 -> 0 | AE65: =AC65*$D65 -> 0 | AF65: ='Setoran 2'!L65 -> 0 | AG65: =AF65*$C65 -> 0 | AH65: =AF65*$D65 -> 0 | AI65: ='Setoran 2'!M65 -> 0 | AJ65: =AI65*$C65 -> 0 | AK65: =AI65*$D65 -> 0 | AL65: ='Setoran 2'!N65 -> 0 | AM65: =AL65*$C65 -> 0 | AN65: =AL65*$D65 -> 0 | AO65: ='Setoran 2'!O65 -> 0 | AP65: =AO65*$C65 -> 0 | AQ65: =AO65*$D65 -> 0 | AR65: ='Setoran 2'!P65 -> 0 | AS65: =AR65*$C65 -> 0 | AT65: =AR65*$D65 -> 0 | AU65: ='Setoran 2'!Q65 -> 0 | AV65: =AU65*$C65 -> 0 | AW65: =AU65*$D65 -> 0 | AX65: =SUM(E65,H65,K65,N65,Q65,T65,W65,Z65,AC65,AF65,AI65,AL65,AO65,AR65,AU65) -> 0 | AY65: =SUM(F65,I65,L65,O65,R65,U65,X65,AA65,AD65,,AG65,AJ65,AM65,AP65,AS65,AV65) -> 0 | AZ65: =SUM(G65,J65,M65,P65,S65,V65,Y65,AB65,AE65,AH65,AK65,AN65,AQ65,AT65,AW65) -> 0 | BA65: =AZ65-AY65 -> 0
A66: 3 | B66: Tetra Pack | C66: ='Data '!C62 -> 150 | D66: ='Data '!D62 -> 200 | E66: ='Setoran 2'!C66 -> 0 | F66: =E66*$C66 -> 0 | G66: =E66*$D66 -> 0 | H66: ='Setoran 2'!D66 -> 0 | I66: =H66*$C66 -> 0 | J66: =H66*$D66 -> 0 | K66: ='Setoran 2'!E66 -> 0 | L66: =K66*$C66 -> 0 | M66: =K66*$D66 -> 0 | N66: ='Setoran 2'!F66 -> 0 | O66: =N66*$C66 -> 0 | P66: =N66*$D66 -> 0 | Q66: ='Setoran 2'!G66 -> 0 | R66: =Q66*$C66 -> 0 | S66: =Q66*$D66 -> 0 | T66: ='Setoran 2'!H66 -> 0 | U66: =T66*$C66 -> 0 | V66: =T66*$D66 -> 0 | W66: ='Setoran 2'!I66 -> 0 | X66: =W66*$C66 -> 0 | Y66: =W66*$D66 -> 0 | Z66: ='Setoran 2'!J66 -> 0 | AA66: =Z66*$C66 -> 0 | AB66: =Z66*$D66 -> 0 | AC66: ='Setoran 2'!K66 -> 0 | AD66: =AC66*$C66 -> 0 | AE66: =AC66*$D66 -> 0 | AF66: ='Setoran 2'!L66 -> 0 | AG66: =AF66*$C66 -> 0 | AH66: =AF66*$D66 -> 0 | AI66: ='Setoran 2'!M66 -> 0 | AJ66: =AI66*$C66 -> 0 | AK66: =AI66*$D66 -> 0 | AL66: ='Setoran 2'!N66 -> 0 | AM66: =AL66*$C66 -> 0 | AN66: =AL66*$D66 -> 0 | AO66: ='Setoran 2'!O66 -> 0 | AP66: =AO66*$C66 -> 0 | AQ66: =AO66*$D66 -> 0 | AR66: ='Setoran 2'!P66 -> 0 | AS66: =AR66*$C66 -> 0 | AT66: =AR66*$D66 -> 0 | AU66: ='Setoran 2'!Q66 -> 0 | AV66: =AU66*$C66 -> 0 | AW66: =AU66*$D66 -> 0 | AX66: =SUM(E66,H66,K66,N66,Q66,T66,W66,Z66,AC66,AF66,AI66,AL66,AO66,AR66,AU66) -> 0 | AY66: =SUM(F66,I66,L66,O66,R66,U66,X66,AA66,AD66,,AG66,AJ66,AM66,AP66,AS66,AV66) -> 0 | AZ66: =SUM(G66,J66,M66,P66,S66,V66,Y66,AB66,AE66,AH66,AK66,AN66,AQ66,AT66,AW66) -> 0 | BA66: =AZ66-AY66 -> 0
A67: 4 | B67: Accu per kg | C67: ='Data '!C63 -> 0 | D67: ='Data '!D63 -> 0 | E67: ='Setoran 2'!C67 -> 0 | F67: =E67*$C67 -> 0 | G67: =E67*$D67 -> 0 | H67: ='Setoran 2'!D67 -> 0 | I67: =H67*$C67 -> 0 | J67: =H67*$D67 -> 0 | K67: ='Setoran 2'!E67 -> 0 | L67: =K67*$C67 -> 0 | M67: =K67*$D67 -> 0 | N67: ='Setoran 2'!F67 -> 0 | O67: =N67*$C67 -> 0 | P67: =N67*$D67 -> 0 | Q67: ='Setoran 2'!G67 -> 0 | R67: =Q67*$C67 -> 0 | S67: =Q67*$D67 -> 0 | T67: ='Setoran 2'!H67 -> 0 | U67: =T67*$C67 -> 0 | V67: =T67*$D67 -> 0 | W67: ='Setoran 2'!I67 -> 0 | X67: =W67*$C67 -> 0 | Y67: =W67*$D67 -> 0 | Z67: ='Setoran 2'!J67 -> 0 | AA67: =Z67*$C67 -> 0 | AB67: =Z67*$D67 -> 0 | AC67: ='Setoran 2'!K67 -> 0 | AD67: =AC67*$C67 -> 0 | AE67: =AC67*$D67 -> 0 | AF67: ='Setoran 2'!L67 -> 0 | AG67: =AF67*$C67 -> 0 | AH67: =AF67*$D67 -> 0 | AI67: ='Setoran 2'!M67 -> 0 | AJ67: =AI67*$C67 -> 0 | AK67: =AI67*$D67 -> 0 | AL67: ='Setoran 2'!N67 -> 0 | AM67: =AL67*$C67 -> 0 | AN67: =AL67*$D67 -> 0 | AO67: ='Setoran 2'!O67 -> 0 | AP67: =AO67*$C67 -> 0 | AQ67: =AO67*$D67 -> 0 | AR67: ='Setoran 2'!P67 -> 0 | AS67: =AR67*$C67 -> 0 | AT67: =AR67*$D67 -> 0 | AU67: ='Setoran 2'!Q67 -> 0 | AV67: =AU67*$C67 -> 0 | AW67: =AU67*$D67 -> 0 | AX67: =SUM(E67,H67,K67,N67,Q67,T67,W67,Z67,AC67,AF67,AI67,AL67,AO67,AR67,AU67) -> 0 | AY67: =SUM(F67,I67,L67,O67,R67,U67,X67,AA67,AD67,,AG67,AJ67,AM67,AP67,AS67,AV67) -> 0 | AZ67: =SUM(G67,J67,M67,P67,S67,V67,Y67,AB67,AE67,AH67,AK67,AN67,AQ67,AT67,AW67) -> 0 | BA67: =AZ67-AY67 -> 0
A68: 5 | B68: Minyak Jelantah | C68: ='Data '!C64 -> 0 | D68: ='Data '!D64 -> 0 | E68: ='Setoran 2'!C68 -> 0 | F68: =E68*$C68 -> 0 | G68: =E68*$D68 -> 0 | H68: ='Setoran 2'!D68 -> 0 | I68: =H68*$C68 -> 0 | J68: =H68*$D68 -> 0 | K68: ='Setoran 2'!E68 -> 0 | L68: =K68*$C68 -> 0 | M68: =K68*$D68 -> 0 | N68: ='Setoran 2'!F68 -> 0 | O68: =N68*$C68 -> 0 | P68: =N68*$D68 -> 0 | Q68: ='Setoran 2'!G68 -> 0 | R68: =Q68*$C68 -> 0 | S68: =Q68*$D68 -> 0 | T68: ='Setoran 2'!H68 -> 0 | U68: =T68*$C68 -> 0 | V68: =T68*$D68 -> 0 | W68: ='Setoran 2'!I68 -> 0 | X68: =W68*$C68 -> 0 | Y68: =W68*$D68 -> 0 | Z68: ='Setoran 2'!J68 -> 0 | AA68: =Z68*$C68 -> 0 | AB68: =Z68*$D68 -> 0 | AC68: ='Setoran 2'!K68 -> 0 | AD68: =AC68*$C68 -> 0 | AE68: =AC68*$D68 -> 0 | AF68: ='Setoran 2'!L68 -> 0 | AG68: =AF68*$C68 -> 0 | AH68: =AF68*$D68 -> 0 | AI68: ='Setoran 2'!M68 -> 0 | AJ68: =AI68*$C68 -> 0 | AK68: =AI68*$D68 -> 0 | AL68: ='Setoran 2'!N68 -> 0 | AM68: =AL68*$C68 -> 0 | AN68: =AL68*$D68 -> 0 | AO68: ='Setoran 2'!O68 -> 0 | AP68: =AO68*$C68 -> 0 | AQ68: =AO68*$D68 -> 0 | AR68: ='Setoran 2'!P68 -> 0 | AS68: =AR68*$C68 -> 0 | AT68: =AR68*$D68 -> 0 | AU68: ='Setoran 2'!Q68 -> 0 | AV68: =AU68*$C68 -> 0 | AW68: =AU68*$D68 -> 0 | AX68: =SUM(E68,H68,K68,N68,Q68,T68,W68,Z68,AC68,AF68,AI68,AL68,AO68,AR68,AU68) -> 0 | AY68: =SUM(F68,I68,L68,O68,R68,U68,X68,AA68,AD68,,AG68,AJ68,AM68,AP68,AS68,AV68) -> 0 | AZ68: =SUM(G68,J68,M68,P68,S68,V68,Y68,AB68,AE68,AH68,AK68,AN68,AQ68,AT68,AW68) -> 0 | BA68: =AZ68-AY68 -> 0
A69: 6 | B69: Sponge/Sepatu/Sandal Bekas | C69: ='Data '!C65 -> 0 | D69: ='Data '!D65 -> 0 | E69: ='Setoran 2'!C69 -> 0 | F69: =E69*$C69 -> 0 | G69: =E69*$D69 -> 0 | H69: ='Setoran 2'!D69 -> 0 | I69: =H69*$C69 -> 0 | J69: =H69*$D69 -> 0 | K69: ='Setoran 2'!E69 -> 0 | L69: =K69*$C69 -> 0 | M69: =K69*$D69 -> 0 | N69: ='Setoran 2'!F69 -> 0 | O69: =N69*$C69 -> 0 | P69: =N69*$D69 -> 0 | Q69: ='Setoran 2'!G69 -> 0 | R69: =Q69*$C69 -> 0 | S69: =Q69*$D69 -> 0 | T69: ='Setoran 2'!H69 -> 0 | U69: =T69*$C69 -> 0 | V69: =T69*$D69 -> 0 | W69: ='Setoran 2'!I69 -> 0 | X69: =W69*$C69 -> 0 | Y69: =W69*$D69 -> 0 | Z69: ='Setoran 2'!J69 -> 0 | AA69: =Z69*$C69 -> 0 | AB69: =Z69*$D69 -> 0 | AC69: ='Setoran 2'!K69 -> 0 | AD69: =AC69*$C69 -> 0 | AE69: =AC69*$D69 -> 0 | AF69: ='Setoran 2'!L69 -> 0 | AG69: =AF69*$C69 -> 0 | AH69: =AF69*$D69 -> 0 | AI69: ='Setoran 2'!M69 -> 0 | AJ69: =AI69*$C69 -> 0 | AK69: =AI69*$D69 -> 0 | AL69: ='Setoran 2'!N69 -> 0 | AM69: =AL69*$C69 -> 0 | AN69: =AL69*$D69 -> 0 | AO69: ='Setoran 2'!O69 -> 0 | AP69: =AO69*$C69 -> 0 | AQ69: =AO69*$D69 -> 0 | AR69: ='Setoran 2'!P69 -> 0 | AS69: =AR69*$C69 -> 0 | AT69: =AR69*$D69 -> 0 | AU69: ='Setoran 2'!Q69 -> 0 | AV69: =AU69*$C69 -> 0 | AW69: =AU69*$D69 -> 0 | AX69: =SUM(E69,H69,K69,N69,Q69,T69,W69,Z69,AC69,AF69,AI69,AL69,AO69,AR69,AU69) -> 0 | AY69: =SUM(F69,I69,L69,O69,R69,U69,X69,AA69,AD69,,AG69,AJ69,AM69,AP69,AS69,AV69) -> 0 | AZ69: =SUM(G69,J69,M69,P69,S69,V69,Y69,AB69,AE69,AH69,AK69,AN69,AQ69,AT69,AW69) -> 0 | BA69: =AZ69-AY69 -> 0
A70: 7 | B70: Tray Telur | C70: ='Data '!C66 -> 150 | D70: ='Data '!D66 -> 200 | E70: ='Setoran 2'!C70 -> 0 | F70: =E70*$C70 -> 0 | G70: =E70*$D70 -> 0 | H70: ='Setoran 2'!D70 -> 0 | I70: =H70*$C70 -> 0 | J70: =H70*$D70 -> 0 | K70: ='Setoran 2'!E70 -> 0 | L70: =K70*$C70 -> 0 | M70: =K70*$D70 -> 0 | N70: ='Setoran 2'!F70 -> 0 | O70: =N70*$C70 -> 0 | P70: =N70*$D70 -> 0 | Q70: ='Setoran 2'!G70 -> 0 | R70: =Q70*$C70 -> 0 | S70: =Q70*$D70 -> 0 | T70: ='Setoran 2'!H70 -> 0 | U70: =T70*$C70 -> 0 | V70: =T70*$D70 -> 0 | W70: ='Setoran 2'!I70 -> 0 | X70: =W70*$C70 -> 0 | Y70: =W70*$D70 -> 0 | Z70: ='Setoran 2'!J70 -> 0 | AA70: =Z70*$C70 -> 0 | AB70: =Z70*$D70 -> 0 | AC70: ='Setoran 2'!K70 -> 0 | AD70: =AC70*$C70 -> 0 | AE70: =AC70*$D70 -> 0 | AF70: ='Setoran 2'!L70 -> 0 | AG70: =AF70*$C70 -> 0 | AH70: =AF70*$D70 -> 0 | AI70: ='Setoran 2'!M70 -> 0 | AJ70: =AI70*$C70 -> 0 | AK70: =AI70*$D70 -> 0 | AL70: ='Setoran 2'!N70 -> 0 | AM70: =AL70*$C70 -> 0 | AN70: =AL70*$D70 -> 0 | AO70: ='Setoran 2'!O70 -> 0 | AP70: =AO70*$C70 -> 0 | AQ70: =AO70*$D70 -> 0 | AR70: ='Setoran 2'!P70 -> 0 | AS70: =AR70*$C70 -> 0 | AT70: =AR70*$D70 -> 0 | AU70: ='Setoran 2'!Q70 -> 0 | AV70: =AU70*$C70 -> 0 | AW70: =AU70*$D70 -> 0 | AX70: =SUM(E70,H70,K70,N70,Q70,T70,W70,Z70,AC70,AF70,AI70,AL70,AO70,AR70,AU70) -> 0 | AY70: =SUM(F70,I70,L70,O70,R70,U70,X70,AA70,AD70,,AG70,AJ70,AM70,AP70,AS70,AV70) -> 0 | AZ70: =SUM(G70,J70,M70,P70,S70,V70,Y70,AB70,AE70,AH70,AK70,AN70,AQ70,AT70,AW70) -> 0 | BA70: =AZ70-AY70 -> 0
A71: 8 | B71: Yakult | C71: ='Data '!C67 -> 450 | D71: ='Data '!D67 -> 500 | E71: ='Setoran 2'!C71 -> 0 | F71: =E71*$C71 -> 0 | G71: =E71*$D71 -> 0 | H71: ='Setoran 2'!D71 -> 0 | I71: =H71*$C71 -> 0 | J71: =H71*$D71 -> 0 | K71: ='Setoran 2'!E71 -> 0 | L71: =K71*$C71 -> 0 | M71: =K71*$D71 -> 0 | N71: ='Setoran 2'!F71 -> 0 | O71: =N71*$C71 -> 0 | P71: =N71*$D71 -> 0 | Q71: ='Setoran 2'!G71 -> 0 | R71: =Q71*$C71 -> 0 | S71: =Q71*$D71 -> 0 | T71: ='Setoran 2'!H71 -> 0 | U71: =T71*$C71 -> 0 | V71: =T71*$D71 -> 0 | W71: ='Setoran 2'!I71 -> 0 | X71: =W71*$C71 -> 0 | Y71: =W71*$D71 -> 0 | Z71: ='Setoran 2'!J71 -> 0 | AA71: =Z71*$C71 -> 0 | AB71: =Z71*$D71 -> 0 | AC71: ='Setoran 2'!K71 -> 0 | AD71: =AC71*$C71 -> 0 | AE71: =AC71*$D71 -> 0 | AF71: ='Setoran 2'!L71 -> 0 | AG71: =AF71*$C71 -> 0 | AH71: =AF71*$D71 -> 0 | AI71: ='Setoran 2'!M71 -> 0 | AJ71: =AI71*$C71 -> 0 | AK71: =AI71*$D71 -> 0 | AL71: ='Setoran 2'!N71 -> 0 | AM71: =AL71*$C71 -> 0 | AN71: =AL71*$D71 -> 0 | AO71: ='Setoran 2'!O71 -> 0 | AP71: =AO71*$C71 -> 0 | AQ71: =AO71*$D71 -> 0 | AR71: ='Setoran 2'!P71 -> 0 | AS71: =AR71*$C71 -> 0 | AT71: =AR71*$D71 -> 0 | AU71: ='Setoran 2'!Q71 -> 0 | AV71: =AU71*$C71 -> 0 | AW71: =AU71*$D71 -> 0 | AX71: =SUM(E71,H71,K71,N71,Q71,T71,W71,Z71,AC71,AF71,AI71,AL71,AO71,AR71,AU71) -> 0 | AY71: =SUM(F71,I71,L71,O71,R71,U71,X71,AA71,AD71,,AG71,AJ71,AM71,AP71,AS71,AV71) -> 0 | AZ71: =SUM(G71,J71,M71,P71,S71,V71,Y71,AB71,AE71,AH71,AK71,AN71,AQ71,AT71,AW71) -> 0 | BA71: =AZ71-AY71 -> 0
